timestamp,anomaly_score,root_cause_sensor,root_cause_score,second_sensor,second_sensor_score,severity,temperature_contribution,voltage_contribution,current_contribution,pressure_contribution,vibration_contribution,rpm_contribution,battery_contribution
2026-01-01 00:16:40,1.720109224319458,temperature,7.510072851582482,battery,1.2674904181105198,CRITICAL,7.510072851582482,0.8006329420932076,0.6394772270988782,0.2534965592573914,0.3089702573822932,0.6889158993727093,1.2674904181105198
2026-01-01 00:16:41,2.404608964920044,temperature,7.5333519579586135,rpm,2.29460731271859,CRITICAL,7.5333519579586135,0.29634706020777835,1.125394691359876,1.1401214640800523,0.15442051601507012,2.29460731271859,1.3271946054190062
2026-01-01 00:16:42,2.334501266479492,temperature,7.299488836707855,battery,1.3667131688230216,CRITICAL,7.299488836707855,0.7560793706884252,1.3294093459051661,0.097417910375658,0.1978214906564318,1.178217371717368,1.3667131688230216
2026-01-01 00:16:43,2.8090174198150635,temperature,7.170012836930689,current,1.475635428482645,CRITICAL,7.170012836930689,0.5100377219067264,1.475635428482645,1.1974014549097365,0.18565393199144659,0.48287658577655784,1.3473119580562798
2026-01-01 00:16:44,3.7368786334991455,temperature,8.392342458858268,battery,1.3942604872257647,CRITICAL,8.392342458858268,0.7316986453737166,0.8488784173784317,0.5682113455856481,0.27967914350278933,0.09570593139065493,1.3942604872257647
2026-01-01 00:16:45,3.167814016342163,temperature,8.527614837742147,battery,1.3494067628671202,CRITICAL,8.527614837742147,0.1568295183529438,0.8416483588837544,0.210844411775669,0.4700366966528077,0.011337784969204942,1.3494067628671202
2026-01-01 00:16:46,2.7095115184783936,temperature,9.194222870024863,pressure,1.556812500962997,CRITICAL,9.194222870024863,0.3340063564148802,0.44821510603310966,1.556812500962997,0.15387266112022713,0.7799776193866126,1.4602281059236393
2026-01-01 00:16:47,4.305900096893311,temperature,9.358954357862647,current,1.7566591223310153,CRITICAL,9.358954357862647,0.5218043595885246,1.7566591223310153,0.512444050211729,0.14778527983108944,0.4149228544561567,1.3848454158749146
2026-01-01 00:16:48,5.174099922180176,temperature,9.968022492461436,battery,1.3506141389784898,CRITICAL,9.968022492461436,0.059952687296765145,1.3286482293653674,0.3273864245471301,0.46894254592581597,0.49394158800253546,1.3506141389784898
2026-01-01 00:16:49,2.6376662254333496,temperature,9.25991084209768,battery,1.2447272239182625,CRITICAL,9.25991084209768,0.07866832384389981,0.3053304382196735,1.1187632543464274,0.34439981540853354,0.2161104928473056,1.2447272239182625
2026-01-01 00:16:50,6.157729148864746,temperature,10.816582598858686,battery,1.3728670283423356,CRITICAL,10.816582598858686,0.11292907019006584,0.9537211594038079,0.37535871879865984,0.37953774533950785,1.0525032511878027,1.3728670283423356
2026-01-01 00:16:51,5.616659164428711,temperature,10.414832753679478,battery,1.3827980857411148,CRITICAL,10.414832753679478,0.11973044768791001,1.230379358797673,1.031044193236964,0.6793784531351632,0.03772680513782464,1.3827980857411148
2026-01-01 00:16:52,6.377164363861084,temperature,11.987991612933136,current,1.7663911914099641,CRITICAL,11.987991612933136,0.12590401065087492,1.7663911914099641,1.2676754603723084,0.6267251951057473,0.7165697142864906,1.298725431614052
2026-01-01 00:16:53,4.572280883789063,temperature,10.502634471228872,battery,1.2678251789936752,CRITICAL,10.502634471228872,0.5682803606007821,0.7567349711650617,0.020349848630460007,0.8860351088729874,0.34550713570645797,1.2678251789936752
2026-01-01 00:16:54,6.697403430938721,temperature,12.436507687417832,battery,1.4228801839324963,CRITICAL,12.436507687417832,0.6019678523000616,0.3902834472401135,1.0801819209701147,0.5313979987268921,0.23210427327460145,1.4228801839324963
2026-01-01 00:16:55,6.808056831359863,temperature,11.759169733628504,battery,1.280090875010998,CRITICAL,11.759169733628504,0.007961330538358354,0.4990220210527609,0.5669922376655783,0.7532544953312583,0.2790378179759263,1.280090875010998
2026-01-01 00:16:56,7.002072811126709,temperature,11.535602504688265,battery,1.3580429327756092,CRITICAL,11.535602504688265,0.16663929453385984,1.2889604865690152,0.19076014035209404,0.23368443877890638,0.17783199957702597,1.3580429327756092
2026-01-01 00:16:57,6.463312149047852,temperature,11.98200276971699,battery,1.3483332312879217,CRITICAL,11.98200276971699,0.5611543393079732,0.8562183411681773,0.9129834656352167,0.5539052026233602,0.14711948564234983,1.3483332312879217
2026-01-01 00:16:58,6.555746078491211,temperature,12.425767307902671,battery,1.3767523876837566,CRITICAL,12.425767307902671,0.9635213785960225,0.05792395001417093,0.27553865616674544,0.7127764587347561,0.9512473151015138,1.3767523876837566
2026-01-01 00:16:59,7.571494102478027,temperature,13.252309667537963,rpm,1.3036255716130671,CRITICAL,13.252309667537963,0.8360805009479343,0.36056043513092495,0.14320530765155493,1.2858297135183177,1.3036255716130671,1.2792155525650912
2026-01-01 00:17:00,10.18793487548828,temperature,13.653324747176772,current,1.6536102214700648,CRITICAL,13.653324747176772,0.3184099670255062,1.6536102214700648,0.12913354850529962,0.01943423527771592,0.24298946513163303,1.3369104025828396
2026-01-01 00:17:01,10.51374340057373,temperature,13.266858635244795,current,2.8816475556278145,CRITICAL,13.266858635244795,1.1725732565768534,2.8816475556278145,0.5568582433054097,0.8370468159155815,0.40368437947841035,1.278097455060163
2026-01-01 00:17:02,8.852112770080566,temperature,13.9647964635627,battery,1.3496585267855867,CRITICAL,13.9647964635627,0.45437761348254674,0.8989060681919092,0.7745060372721705,0.4924058270628574,0.9560986347653295,1.3496585267855867
2026-01-01 00:17:03,12.076675415039062,temperature,15.728293602374261,battery,1.378995715015148,CRITICAL,15.728293602374261,0.5599823257983749,0.5484849327775256,0.06336136757780418,0.17167249104581542,1.129249758018949,1.378995715015148
2026-01-01 00:17:04,11.883289337158203,temperature,15.791028225669399,current,1.8642768415167057,CRITICAL,15.791028225669399,0.011733847220841588,1.8642768415167057,0.4967882593068346,1.124600011335448,0.36199610763984064,1.4056677991478157
2026-01-01 00:17:05,11.792730331420898,temperature,15.276268527574556,battery,1.4467029644349152,CRITICAL,15.276268527574556,1.0149622620962047,1.1103300607606457,0.4027992049414275,0.2339007807075434,1.3790014980543133,1.4467029644349152
2026-01-01 00:17:06,11.567808151245115,temperature,15.349800290436056,rpm,1.6334311323115245,CRITICAL,15.349800290436056,0.06837976895058467,1.2874826736388758,0.07382597720438423,0.3306178377489011,1.6334311323115245,1.3249636509797298
2026-01-01 00:17:07,10.49770164489746,temperature,15.7398086364565,vibration,1.4508016392370313,CRITICAL,15.7398086364565,1.0504005145715931,1.0302737832737183,0.43901085733893147,1.4508016392370313,1.0866517484065268,1.323398458640663
2026-01-01 00:17:08,11.177350044250488,temperature,16.400904759226403,pressure,2.0915813350093,CRITICAL,16.400904759226403,0.16334458813624864,1.4821635318566075,2.0915813350093,0.8657088947267754,1.881819078139363,1.4303292258242188
2026-01-01 00:17:09,10.072626113891602,temperature,15.658749767237389,battery,1.381828190625283,CRITICAL,15.658749767237389,0.07800359905980477,0.2018293199584182,0.4770953330046962,0.9207302602090804,1.2765587123127693,1.381828190625283
2026-01-01 00:17:10,10.362783432006836,temperature,16.49899512017366,pressure,1.6436312416893866,CRITICAL,16.49899512017366,0.504446472365592,0.9978271686841764,1.6436312416893866,1.1920570750395754,1.4138851795356067,1.4271863020124027
2026-01-01 00:17:11,11.676249504089355,temperature,15.905136691236654,current,1.7132257245534008,CRITICAL,15.905136691236654,0.2960436703866412,1.7132257245534008,1.230291894960125,0.7201444071261671,0.676952716298766,1.4762307804594998
2026-01-01 00:17:12,13.965160369873049,temperature,17.603463023160973,battery,1.2828482779004862,CRITICAL,17.603463023160973,1.2377271265384948,0.4598273398675282,0.3001888895792183,0.034605007319559004,0.2035027568046456,1.2828482779004862
2026-01-01 00:17:13,16.519004821777344,temperature,18.10276012555809,current,1.980315671171658,CRITICAL,18.10276012555809,0.5744209099278658,1.980315671171658,0.6114669555926747,0.6887422625398378,1.121788839589167,1.396615481454826
2026-01-01 00:17:14,14.051353454589844,temperature,17.693901868952146,battery,1.2990309013025856,CRITICAL,17.693901868952146,0.7049372565565889,0.20236773881001965,0.5910916286782549,0.30592853367784456,0.17962554784644882,1.2990309013025856
2026-01-01 00:17:15,15.20316219329834,temperature,19.385196088287376,pressure,1.645455198858371,CRITICAL,19.385196088287376,0.7810888683851022,0.4061767710601677,1.645455198858371,0.5564107487089097,0.256568894984492,1.4479911129345548
2026-01-01 00:17:16,13.572174072265623,temperature,17.876434326305674,rpm,2.190747281347875,CRITICAL,17.876434326305674,0.18938439374279487,0.1273329958496844,1.0098739402965928,0.1779001787814847,2.190747281347875,1.2577076185218552
2026-01-01 00:17:17,16.36458396911621,temperature,18.055104787792104,battery,1.402715140613937,CRITICAL,18.055104787792104,0.18083536184089025,1.2059070697030647,0.014528023972298378,0.09132214610149873,1.1093578378344418,1.402715140613937
2026-01-01 00:17:18,19.38813018798828,temperature,19.50368115568802,current,1.4406298630852123,CRITICAL,19.50368115568802,0.006098510253996649,1.4406298630852123,0.7067927854806589,0.4831849960907114,0.9979715974704197,1.3007977224497023
2026-01-01 00:17:19,18.022480010986328,temperature,20.381553866736777,battery,1.3769483911760179,CRITICAL,20.381553866736777,0.6284136955296451,1.0352151844966064,0.9871854300524773,0.7956315189202912,0.5086391897930923,1.3769483911760179
2026-01-01 00:17:20,22.041614532470703,temperature,21.13698851052901,battery,1.4258744573665243,CRITICAL,21.13698851052901,0.470049912848397,1.1517650276535152,0.25108873482186067,0.1522121807272472,0.3889794701925755,1.4258744573665243
2026-01-01 00:17:21,17.820106506347656,temperature,20.06101093261381,current,1.5470971764973638,CRITICAL,20.06101093261381,0.9013986240311923,1.5470971764973638,0.7890089093008944,0.9453928372643754,0.5473515802142549,1.293521955125436
2026-01-01 00:17:22,22.51882553100586,temperature,21.409885676264928,current,1.477026443503097,CRITICAL,21.409885676264928,0.284254265022981,1.477026443503097,1.3182914552652871,0.5498081094740785,1.3468569936450159,1.236265562077168
2026-01-01 00:17:23,21.79461669921875,temperature,21.00963103445787,current,1.3454755351012935,CRITICAL,21.00963103445787,0.6001429299788821,1.3454755351012935,0.05943114322114599,1.0174852406726784,1.1796822564509495,1.3194119723045692
2026-01-01 00:17:24,23.1113224029541,temperature,21.25707366672807,current,1.9048335632819842,CRITICAL,21.25707366672807,0.14010599557716305,1.9048335632819842,0.024556053600802936,0.22452486799585258,1.7478807058925627,1.3102003278915126
2026-01-01 00:17:25,24.333887100219727,temperature,22.288818999737327,battery,1.2479254294619877,CRITICAL,22.288818999737327,0.4465261772806349,0.6152360473247656,1.1959589346272839,0.42885270925715485,0.7306900518894957,1.2479254294619877
2026-01-01 00:17:26,24.723255157470703,temperature,22.472185145438594,battery,1.1975258830026658,CRITICAL,22.472185145438594,0.8503498764568537,1.123388176344025,0.24794822706943684,1.1350468947106513,1.015296966056443,1.1975258830026658
2026-01-01 00:17:27,22.466609954833984,temperature,21.339541667166007,battery,1.419905729421283,CRITICAL,21.339541667166007,0.548318618557657,1.3008772479207862,0.14629256498717602,0.13428595323762782,0.43334729119412696,1.419905729421283
2026-01-01 00:17:28,26.11058616638184,temperature,23.686766310089954,current,1.8589903719914873,CRITICAL,23.686766310089954,0.2773477195924932,1.8589903719914873,1.015416968276869,1.0393478896373616,0.329453826273364,1.4385426248842683
2026-01-01 00:17:29,31.82825469970703,temperature,23.95896874014933,current,1.8927488009341138,CRITICAL,23.95896874014933,1.3296278244332096,1.8927488009341138,0.8224362124155136,0.8240754924090409,1.0020489136818822,1.293667082624068
2026-01-01 00:17:30,22.98478507995605,temperature,22.973254637073627,vibration,1.5651336635633315,CRITICAL,22.973254637073627,0.8300711046780168,0.26740318930829293,0.5189135672220384,1.5651336635633315,0.604616378974042,1.3146739303192578
2026-01-01 00:17:31,24.264135360717773,temperature,23.981918235648457,current,1.5187064480996337,CRITICAL,23.981918235648457,1.3015843302041732,1.5187064480996337,1.1598344072923519,1.3636264361792485,0.9309843031831175,1.3902963617574444
2026-01-01 00:17:32,25.856853485107425,temperature,24.382346511209285,rpm,1.5171249971602319,CRITICAL,24.382346511209285,0.101741306428072,0.6544237127777707,1.2019001131158276,1.1498204089228954,1.5171249971602319,1.3910366225635071
2026-01-01 00:17:33,27.288440704345703,temperature,24.56429370101957,battery,1.4566650822426683,CRITICAL,24.56429370101957,0.16544074230522204,0.9655262072306167,0.4013740302522478,1.1410112941329642,1.316271837582444,1.4566650822426683
2026-01-01 00:17:34,30.838525772094727,temperature,24.365653371098645,current,3.0128089528869566,CRITICAL,24.365653371098645,0.3954020596405841,3.0128089528869566,1.6834847364469407,0.242248340037978,2.2735095117859516,1.3764090271178784
2026-01-01 00:17:35,26.77478408813477,temperature,24.621390837019558,pressure,1.4370908169860452,CRITICAL,24.621390837019558,0.6809254105893265,0.1734150173219881,1.4370908169860452,0.46968225361388916,1.0589535479358871,1.2623609307030803
2026-01-01 00:17:36,31.805015563964844,temperature,25.382717140982642,battery,1.3874175253945884,CRITICAL,25.382717140982642,0.7487190000454419,0.5981612421961247,0.7927621451395555,0.09698337674145041,1.1902278579368657,1.3874175253945884
2026-01-01 00:17:37,34.74882507324219,temperature,26.507862112732443,current,1.6091556225418446,CRITICAL,26.507862112732443,0.6402042214321505,1.6091556225418446,0.199316615161355,0.4316960854191553,1.5189157898842582,1.2842835905521024
2026-01-01 00:17:38,35.05348205566406,temperature,26.428978995920524,battery,1.3275839107389473,CRITICAL,26.428978995920524,0.5722497767687752,1.0923247839157668,0.9665895971766943,0.5673034337941372,0.2775781238205505,1.3275839107389473
2026-01-01 00:17:39,34.407562255859375,temperature,26.16224875085147,current,1.872515132712114,CRITICAL,26.16224875085147,0.37196342995785836,1.872515132712114,0.2364781679530835,0.923715870112012,0.4706196598529108,1.4085743686554466
2026-01-01 00:17:40,34.13775634765625,temperature,27.250472564635036,battery,1.2689165644017044,CRITICAL,27.250472564635036,0.9946582129012861,0.20357085859535107,0.31934611681886116,0.37020984271075075,0.4554560519076581,1.2689165644017044
2026-01-01 00:17:41,31.147077560424805,temperature,25.200811864301635,current,1.7013464838404053,CRITICAL,25.200811864301635,0.616350261752153,1.7013464838404053,0.07386021006101287,0.7174537692925924,0.3685289524171424,1.3260237252447173
2026-01-01 00:17:42,36.0352897644043,temperature,28.17005447331188,current,1.431776024817681,CRITICAL,28.17005447331188,1.4160610362524448,1.431776024817681,1.1131583581823525,0.5017696620151321,0.8218185004503398,1.246108200440275
2026-01-01 00:17:43,36.534175872802734,temperature,26.602492895122715,current,1.5743171682182784,CRITICAL,26.602492895122715,0.4903050391816486,1.5743171682182784,0.6657417734961609,1.0352546538255247,0.8311527513557591,1.2621316726180674
2026-01-01 00:17:44,37.19425201416016,temperature,27.845460089165694,vibration,1.303969910593683,CRITICAL,27.845460089165694,0.6673805541495705,1.0080982337289497,0.5085826217987155,1.303969910593683,0.2864206764808721,1.2922880022029262
2026-01-01 00:17:45,34.63890075683594,temperature,27.682067474022073,battery,1.4422424040771822,CRITICAL,27.682067474022073,0.427142593632736,0.10716024454489591,0.5024626320411044,0.6205561067259481,0.3949338568889796,1.4422424040771822
2026-01-01 00:17:46,35.26279067993164,temperature,27.90225957874095,battery,1.3316553233848447,CRITICAL,27.90225957874095,0.41040366483689006,0.1865445113240704,0.37146247855427017,0.6416819704450095,0.1635053730991331,1.3316553233848447
2026-01-01 00:17:47,42.55001068115234,temperature,29.85558614521826,battery,1.5115465905850372,CRITICAL,29.85558614521826,0.09943505135850926,1.3378626372952762,0.5022146655554325,0.9882629375824388,0.8621297124483754,1.5115465905850372
2026-01-01 00:17:48,42.73137283325195,temperature,29.11807675474,rpm,1.4773957542423557,CRITICAL,29.11807675474,0.7937239159547984,0.7943463557530653,0.9755454855730301,1.0930050608773996,1.4773957542423557,1.3945847357605194
2026-01-01 00:17:49,44.79428863525391,temperature,29.98997565937726,battery,1.396115809658974,CRITICAL,29.98997565937726,0.06267918917044715,0.9994247067325913,0.08959145071011787,0.35430396264876624,0.6848771225012448,1.396115809658974
2026-01-01 00:17:50,42.72210311889648,temperature,30.06619505877216,current,1.7394148658334097,CRITICAL,30.06619505877216,0.6958721990825291,1.7394148658334097,1.3769128112491955,0.4210735227766914,1.2173161783007256,1.2524495811092105
2026-01-01 00:17:51,44.06587219238281,temperature,30.746827986852754,voltage,1.3281692603217845,CRITICAL,30.746827986852754,1.3281692603217845,0.6358854900208134,0.336124329910559,0.37227562797417835,0.4193762924437827,1.3170287040998174
2026-01-01 00:17:52,42.5565185546875,temperature,30.818535026638266,pressure,1.449379353692375,CRITICAL,30.818535026638266,0.9873243012251987,0.10146776691179137,1.449379353692375,0.08447001550626958,0.6595986780128501,1.2483704799643296
2026-01-01 00:17:53,43.76642608642578,temperature,30.257982429583766,vibration,1.3758098238810488,CRITICAL,30.257982429583766,0.1789189287906978,0.918183991207675,0.47192780904446996,1.3758098238810488,0.8157322569888943,1.3055457292595405
2026-01-01 00:17:54,48.07761764526367,temperature,32.095060738875866,battery,1.295038719112782,CRITICAL,32.095060738875866,0.679588248107403,0.054649632173073434,0.5493507321097464,0.8183328207608997,1.1064461143821878,1.295038719112782
2026-01-01 00:17:55,45.80218505859375,temperature,31.44868096201145,vibration,1.4884871386141751,CRITICAL,31.44868096201145,0.10203837897898446,0.20148931184173685,0.19254237323817036,1.4884871386141751,0.203884938744213,1.3233514465041438
2026-01-01 00:17:56,42.41801071166992,temperature,31.083747123487413,vibration,1.7641071434809903,CRITICAL,31.083747123487413,0.6159138427931617,0.9878788176132982,1.1043086331690792,1.7641071434809903,0.2562746206705572,1.3828915712000804
2026-01-01 00:17:57,51.05876922607422,temperature,32.16255460467927,battery,1.307471456003558,CRITICAL,32.16255460467927,0.9640641201991474,0.8159276179698995,0.055997177727286844,0.5032964186753883,1.2234099453468879,1.307471456003558
2026-01-01 00:17:58,52.44112396240234,temperature,33.76870177050625,rpm,1.6599221365862826,CRITICAL,33.76870177050625,1.0483760443812402,0.012934564934220476,0.6102629308348095,0.09205182130269143,1.6599221365862826,1.3834441450526223
2026-01-01 00:17:59,57.38725662231445,temperature,33.675350450058865,current,1.6994149574680173,CRITICAL,33.675350450058865,0.8192741783234244,1.6994149574680173,0.4382022733886485,1.10578339782893,0.7474827217321207,1.2236612875489012
2026-01-01 00:18:00,53.82427597045898,temperature,33.22070128792527,battery,1.355465351487733,CRITICAL,33.22070128792527,0.3563027798672827,0.1291825709716247,0.3558421432710345,0.057180669117540016,0.09586803434920342,1.355465351487733
2026-01-01 00:41:40,1.0993822813034058,voltage,5.451711265689151,vibration,0.9110829489368949,CRITICAL,0.3731004870388422,5.451711265689151,0.6220437270674606,0.5566035718846937,0.9110829489368949,0.2503742299551192,0.834070705409505
2026-01-01 00:41:41,1.6942832469940186,voltage,6.666411578167077,vibration,0.9823093250323219,CRITICAL,0.6284214164402336,6.666411578167077,0.04920340560252646,0.25877897599522276,0.9823093250323219,0.2693459562967985,0.8422926257224914
2026-01-01 00:41:42,1.8292529582977293,voltage,6.6599514573159535,vibration,0.8865124944096832,CRITICAL,0.23438986636569792,6.6599514573159535,0.3533856700489441,0.8674797784006368,0.8865124944096832,0.5024063673001072,0.8672323035375623
2026-01-01 00:41:43,2.031624317169189,voltage,6.981599871040851,vibration,1.5485939339126062,CRITICAL,0.4261063348005629,6.981599871040851,0.3929836195056485,0.6434588352703117,1.5485939339126062,0.7599491176465435,0.8053058830695154
2026-01-01 00:41:44,1.6063824892044067,voltage,6.578092581537811,temperature,0.7443139882021917,CRITICAL,0.7443139882021917,6.578092581537811,0.6497037234929032,0.3805098641205939,0.46797154221993387,0.5446518168205662,0.728898819689867
2026-01-01 00:41:45,1.3812955617904663,voltage,5.8551418106214115,pressure,1.2784005462810182,CRITICAL,0.5798023180861694,5.8551418106214115,0.11063245618894324,1.2784005462810182,0.7932093865130491,1.263671068426608,0.7842220266951125
2026-01-01 00:41:46,1.901735782623291,voltage,6.8285147404769475,temperature,1.900458057189822,CRITICAL,1.900458057189822,6.8285147404769475,1.003597356037496,0.1867222097846558,0.4332920898280411,0.3216675849802286,0.9127008185220699
2026-01-01 00:41:47,2.363356828689575,voltage,7.2985507488227785,vibration,1.7397102123277453,CRITICAL,0.7708644836612277,7.2985507488227785,0.981891779007184,0.8532792896313469,1.7397102123277453,0.07385379889873452,0.829720804835199
2026-01-01 00:41:48,3.122486352920532,voltage,8.208544033618823,current,2.104593033938764,CRITICAL,0.9459972314571529,8.208544033618823,2.104593033938764,0.5614921789836429,1.7057981371255755,0.11985250841519174,0.8024925428177304
2026-01-01 00:41:49,1.913985013961792,voltage,6.960439651960657,temperature,0.9337571989123905,CRITICAL,0.9337571989123905,6.960439651960657,0.035776669079795695,0.897930326651115,0.05233465794218746,0.24833458236079645,0.729361003025302
2026-01-01 00:41:50,2.5718586444854736,voltage,8.041272989403932,battery,0.9162568513970464,CRITICAL,0.24843266121791108,8.041272989403932,0.8222269304738461,0.139367618814975,0.46116169834143494,0.22209392726963345,0.9162568513970464
2026-01-01 00:41:51,2.222617149353028,voltage,7.598905116370699,vibration,1.566678041557326,CRITICAL,0.28491229178126565,7.598905116370699,1.2806443613532044,0.6853399270963239,1.566678041557326,0.2668870392331024,0.8161973939201891
2026-01-01 00:41:52,2.638084888458252,voltage,8.091909246254922,current,1.0440305225141702,CRITICAL,0.2793728022804258,8.091909246254922,1.0440305225141702,0.20822655341512733,0.6162401139120466,0.26310334570810107,0.9052399228223716
2026-01-01 00:41:53,2.2505056858062744,voltage,7.448460796326628,vibration,1.367255790956924,CRITICAL,0.2568501126769313,7.448460796326628,0.6958033576087487,0.27940589063899773,1.367255790956924,0.2643590767492415,0.8769281658740806
2026-01-01 00:41:54,2.888588190078736,voltage,8.299112877754451,vibration,2.0611727791603105,CRITICAL,0.17812594025629452,8.299112877754451,0.3727915644616699,0.1010323598045788,2.0611727791603105,0.19229184514355263,0.8843739325926644
2026-01-01 00:41:55,3.160120010375977,voltage,8.402853505924242,vibration,2.286148445330264,CRITICAL,0.1139629272256315,8.402853505924242,1.5184886870616703,0.4250289587626432,2.286148445330264,0.42887329486283166,0.9436904123488117
2026-01-01 00:41:56,2.703911066055298,voltage,8.20177541124713,vibration,1.1125408254473397,CRITICAL,0.052064794808499654,8.20177541124713,0.4963985639009138,0.29302426653494695,1.1125408254473397,0.5523475303486081,0.8371282047675027
2026-01-01 00:41:57,2.304884433746338,voltage,7.265534829322878,pressure,1.6912098574489538,CRITICAL,1.5774582005190974,7.265534829322878,0.7184916676459392,1.6912098574489538,0.21825532584922813,0.11004831198779129,0.8192205336945232
2026-01-01 00:41:58,2.6952755451202397,voltage,8.268572001179688,current,0.9506548758716548,CRITICAL,0.2732335810485741,8.268572001179688,0.9506548758716548,0.572485284226359,0.23871192364533766,0.9129763974579631,0.9360572314936001
2026-01-01 00:41:59,3.21645450592041,voltage,9.10673584380438,rpm,1.2484684956642123,CRITICAL,0.6893654187111938,9.10673584380438,0.08252854881791191,0.5094429114333675,0.38417080909707324,1.2484684956642123,0.8853207821021712
2026-01-01 00:42:00,3.5326058864593506,voltage,9.214969970083809,current,1.3614970961574293,CRITICAL,0.019538578882021436,9.214969970083809,1.3614970961574293,0.2143725812311174,0.6247770025000567,0.7731200278180556,0.7787420009449713
2026-01-01 00:42:01,4.19456148147583,voltage,9.746527656530986,temperature,1.8253287702561176,CRITICAL,1.8253287702561176,9.746527656530986,0.5358263469455546,1.2181722987930874,0.911817766755788,0.38623963992558524,0.899085905147942
2026-01-01 00:42:02,4.190952301025391,voltage,10.207808876585839,battery,0.9313006763841236,CRITICAL,0.09401058508886784,10.207808876585839,0.2906340360005487,0.16845950855756994,0.4389813732976917,0.1760802272637424,0.9313006763841236
2026-01-01 00:42:03,4.621230602264404,voltage,10.107482799964174,vibration,2.2204077650224843,CRITICAL,0.3612390420014586,10.107482799964174,1.2125706979763515,0.223634195425867,2.2204077650224843,1.4231371027968411,0.6675797578887032
2026-01-01 00:42:04,4.551822185516357,voltage,10.428282342203378,current,0.9230129275514113,CRITICAL,0.44612390246841643,10.428282342203378,0.9230129275514113,0.25273368148309105,0.5258182167998183,0.19771869986035914,0.7401027796697717
2026-01-01 00:42:05,3.743084669113159,voltage,9.62575257289654,vibration,1.7137417262781778,CRITICAL,0.15026403608144973,9.62575257289654,0.9232278230075586,0.14146873400253654,1.7137417262781778,0.35356049920838084,0.7697478113311595
2026-01-01 00:42:06,4.955611228942871,voltage,10.974473825745834,vibration,1.5937260179963788,CRITICAL,0.10248585278197407,10.974473825745834,0.3774596781472747,0.6967305191735805,1.5937260179963788,1.1129484141125865,0.8752472536559764
2026-01-01 00:42:07,3.6058404445648193,voltage,9.503465730940949,pressure,1.5270506512305078,CRITICAL,0.219001574952883,9.503465730940949,1.0573181581378865,1.5270506512305078,0.6839182286043932,0.06005050722883616,0.8794467668907715
2026-01-01 00:42:08,4.114449977874756,voltage,10.07136143790077,temperature,1.1676263141077656,CRITICAL,1.1676263141077656,10.07136143790077,0.14077905979665387,0.12445048280977804,0.5498373009723412,0.0802794499666471,0.8605060857756648
2026-01-01 00:42:09,4.960784912109375,voltage,10.741964474881916,vibration,1.4145938121644188,CRITICAL,0.9389700136213491,10.741964474881916,1.0926428634888525,0.24382194813418726,1.4145938121644188,0.1617742056033669,0.8847972658917957
2026-01-01 00:42:10,5.265522480010986,voltage,10.92677729211722,current,1.783778729674199,CRITICAL,0.11167976654095547,10.92677729211722,1.783778729674199,0.4763998873412368,0.7033863168115502,0.3103806329527985,0.7474412209655149
2026-01-01 00:42:11,5.454982280731201,voltage,11.478610795805777,temperature,0.8172376171656395,CRITICAL,0.8172376171656395,11.478610795805777,0.2683097383770768,0.27249847532850896,0.7473029483615212,0.22002487287565517,0.7403407660093524
2026-01-01 00:42:12,5.382448196411133,voltage,11.084638944042299,current,1.4538120364190825,CRITICAL,0.1526339740579324,11.084638944042299,1.4538120364190825,0.04177944422820512,1.2368234165604812,0.5599418510899415,0.9097711483683628
2026-01-01 00:42:13,4.554439067840576,voltage,10.697067656050299,current,1.0288750712275745,CRITICAL,0.8251452619951799,10.697067656050299,1.0288750712275745,0.7810948019883872,0.9716399140357262,0.2238175635969077,0.830077542347352
2026-01-01 00:42:14,6.070244789123535,voltage,12.091410182283331,current,1.017892739932547,CRITICAL,0.5013202884059561,12.091410182283331,1.017892739932547,0.5597032713731076,0.11843517248773189,0.7928753537211451,0.9060107288609157
2026-01-01 00:42:15,6.677707672119141,voltage,12.829471249829604,pressure,1.2556021614493342,CRITICAL,0.4272235653904445,12.829471249829604,0.8148253539540855,1.2556021614493342,1.2104487895449554,0.06842047893201951,0.7739935257933657
2026-01-01 00:42:16,5.92471981048584,voltage,11.47314369208618,current,1.6230189466820084,CRITICAL,0.40367152581231025,11.47314369208618,1.6230189466820084,0.8768620105174917,1.1874910501283946,0.349941065084174,0.7489649581454018
2026-01-01 00:42:17,6.048930644989014,voltage,11.902967874848848,vibration,0.9599376986087603,CRITICAL,0.35942925231169875,11.902967874848848,0.05044238206381424,0.7703061131565442,0.9599376986087603,0.19866075499471825,0.7337945025918704
2026-01-01 00:42:18,7.13029670715332,voltage,13.060594386136893,vibration,1.1440072125212597,CRITICAL,1.0729014728226518,13.060594386136893,0.3121225354025834,0.7468959655384769,1.1440072125212597,0.6265282329597727,0.8764858692642211
2026-01-01 00:42:19,6.9198317527771,voltage,12.967557260836,pressure,0.9660152148947145,CRITICAL,0.2223796450022979,12.967557260836,0.07236395857688119,0.9660152148947145,0.5912298170102441,0.06732264865705319,0.8989914035659196
2026-01-01 00:42:20,7.427850246429443,voltage,13.224538589456797,battery,0.8578982732358494,CRITICAL,0.7325080243167698,13.224538589456797,0.02255028493338466,0.08468267158751638,0.20456300831127017,0.5578178503737727,0.8578982732358494
2026-01-01 00:42:21,8.26856517791748,voltage,13.303777179350842,pressure,2.7215707742285953,CRITICAL,1.1005825083913052,13.303777179350842,0.9954282912479877,2.7215707742285953,1.1682677542099655,0.35964697310393423,0.7867799225071856
2026-01-01 00:42:22,7.848052024841309,voltage,13.20118058183048,current,1.5568996297007363,CRITICAL,0.4207826649337263,13.20118058183048,1.5568996297007363,0.3950326359859948,1.5082662461291634,0.631755203591939,0.8637917593863056
2026-01-01 00:42:23,7.551490306854248,voltage,13.333321897327162,battery,0.8615523615557548,CRITICAL,0.4874327024222047,13.333321897327162,0.6756476699502564,0.28127304590460234,0.09283517902588724,0.32562879680573387,0.8615523615557548
2026-01-01 00:42:24,8.171833992004395,voltage,13.766899996409926,temperature,1.308312416930983,CRITICAL,1.308312416930983,13.766899996409926,0.4805011182900748,0.4871608837867794,0.9490862570550779,0.02903569833938258,0.6792982817662802
2026-01-01 00:42:25,8.61736011505127,voltage,14.011404887933397,vibration,1.973568279291471,CRITICAL,0.011663447061539777,14.011404887933397,0.9608924561583149,0.1925875637082067,1.973568279291471,0.7064468929422614,0.79457867109136
2026-01-01 00:42:26,8.230530738830566,voltage,13.821073170145299,rpm,1.346935135939083,CRITICAL,1.2109376131660006,13.821073170145299,0.4341936740833395,1.2649928973367202,0.04237238941249421,1.346935135939083,0.837716685407887
2026-01-01 00:42:27,7.858165264129639,voltage,13.721513472031257,pressure,0.9726258273888899,CRITICAL,0.681725872958964,13.721513472031257,0.393721616260677,0.9726258273888899,0.3682088427306317,0.10204776824447795,0.8945763531184036
2026-01-01 00:42:28,8.84252643585205,voltage,14.223246835223646,rpm,1.6184467416120158,CRITICAL,0.35700562206775804,14.223246835223646,1.2539431551322482,0.5898385761101577,0.09562042193299343,1.6184467416120158,0.8118568647733566
2026-01-01 00:42:29,7.588160991668701,voltage,13.387190467877959,temperature,1.0537353818649073,CRITICAL,1.0537353818649073,13.387190467877959,0.33979343445056587,0.04714980133483033,0.1851386163161335,0.8002021246629987,0.827678372199187
2026-01-01 00:42:30,8.48216724395752,voltage,14.002711667087883,temperature,1.3735098929386729,CRITICAL,1.3735098929386729,14.002711667087883,0.7973272967042102,0.21886900518459335,0.5024627773634304,0.30364166538415965,0.8123928648028735
2026-01-01 00:42:31,10.71466827392578,voltage,15.60734738486125,temperature,1.573466949667863,CRITICAL,1.573466949667863,15.60734738486125,1.0948806424497208,0.5656934283802192,1.569063955609846,0.066339675689756,0.8350129737491637
2026-01-01 00:42:32,8.708614349365234,voltage,14.334520928401774,vibration,1.4280067946241786,CRITICAL,0.8915769722794868,14.334520928401774,0.05353794059292586,0.11102832441336177,1.4280067946241786,0.3127228195340212,0.721855714386849
2026-01-01 00:42:33,9.146859169006348,voltage,14.449907330846566,vibration,1.2518424446206295,CRITICAL,0.09069352922792627,14.449907330846566,1.140119014019538,0.13504283115371687,1.2518424446206295,0.7960429618896555,0.7742093141634702
2026-01-01 00:42:34,10.51746654510498,voltage,15.331600628239272,vibration,1.2628029046177784,CRITICAL,0.9257313977439675,15.331600628239272,0.9125126616188202,0.8681691285067143,1.2628029046177784,0.4981945438972063,0.6616098709932312
2026-01-01 00:42:35,11.463197708129885,voltage,16.227087644656176,vibration,0.8944875008135734,CRITICAL,0.007634700194508817,16.227087644656176,0.5395829341453277,0.34318043897252937,0.8944875008135734,0.15254890060441265,0.7848062656845817
2026-01-01 00:42:36,10.23986530303955,voltage,15.371774044709467,temperature,2.1026994734295266,CRITICAL,2.1026994734295266,15.371774044709467,0.3727418191950973,0.5749741248095368,1.2347710717604738,0.31210351116401186,0.8491922474580781
2026-01-01 00:42:37,10.806939125061035,voltage,15.553847198612546,vibration,1.6239201658445863,CRITICAL,0.3700872636006872,15.553847198612546,0.44684279265173005,0.5793416695834733,1.6239201658445863,1.0327599526230802,0.7599480190229019
2026-01-01 00:42:38,11.804658889770508,voltage,16.485882997325987,vibration,1.4407068522387783,CRITICAL,0.1625149888937118,16.485882997325987,0.20860474967423176,0.27661361230530146,1.4407068522387783,0.8058944380641402,0.7969172056877067
2026-01-01 00:42:39,12.384883880615234,voltage,16.882273474502565,vibration,1.10763916211672,CRITICAL,0.22428499774159036,16.882273474502565,0.7802125205145863,0.37085548744846225,1.10763916211672,0.5204905505591858,0.840909829059372
2026-01-01 00:42:40,11.31040382385254,voltage,16.122333851501345,temperature,1.058863051203775,CRITICAL,1.058863051203775,16.122333851501345,0.6230824913838139,0.4098947675599328,0.2909734151709689,0.0035368895444099313,1.0015476874697071
2026-01-01 00:42:41,11.608270645141602,voltage,16.393053933050158,vibration,1.2549870683521414,CRITICAL,0.3405362425009378,16.393053933050158,0.5981060171053872,0.4682835194184358,1.2549870683521414,0.17805140891241306,0.8076113739540933
2026-01-01 00:42:42,12.222689628601074,voltage,16.690188570905793,rpm,1.060002195535208,CRITICAL,1.0128518277542509,16.690188570905793,0.3551657640178843,0.5129885543639138,0.46791562102672307,1.060002195535208,0.8625532171140469
2026-01-01 00:42:43,12.13966178894043,voltage,16.633553325479628,vibration,1.6639039313880832,CRITICAL,0.2409772253738753,16.633553325479628,0.7617104425555954,0.2658343272556898,1.6639039313880832,0.6214590386395602,0.7996567292877632
2026-01-01 00:42:44,13.863973617553713,voltage,17.501063984316282,vibration,2.7167758860565443,CRITICAL,1.0052501041737405,17.501063984316282,0.38339438498693057,0.7901306548612579,2.7167758860565443,0.7406970069900699,0.8367856386257653
2026-01-01 00:42:45,13.109949111938477,voltage,17.21628549766191,vibration,0.9817694160032814,CRITICAL,0.6903057217698959,17.21628549766191,0.8068075795707789,0.4166018165751776,0.9817694160032814,0.024746301949149684,0.8099064389681488
2026-01-01 00:42:46,12.542313575744627,voltage,16.726512389382847,current,1.7326623135433146,CRITICAL,1.0835957592171344,16.726512389382847,1.7326623135433146,0.5871219490117721,1.2445047418241542,0.8814913772191586,0.7823858450243187
2026-01-01 00:42:47,13.31227207183838,voltage,17.50112798675693,vibration,1.391489766501349,CRITICAL,0.004530889160613024,17.50112798675693,1.3746978151120404,0.6158049598005195,1.391489766501349,1.343132083534972,0.7971936410755058
2026-01-01 00:42:48,15.330998420715332,voltage,18.5753537630669,vibration,1.4511987418164738,CRITICAL,0.12602816976965625,18.5753537630669,0.7616944297427682,0.513181336092427,1.4511987418164738,0.5873428084984695,0.8969269100835057
2026-01-01 00:42:49,14.255226135253906,voltage,17.92776479668093,vibration,1.280483286839223,CRITICAL,0.6001715890995012,17.92776479668093,0.3866506568920212,0.5140595102731805,1.280483286839223,0.7809505887865776,0.8304463671934472
2026-01-01 00:42:50,15.250656127929688,voltage,18.50721284350375,vibration,1.4317993436324459,CRITICAL,0.4263933842695848,18.50721284350375,0.4549613062510276,1.010870954250161,1.4317993436324459,0.22414224605330785,0.7275031400642528
2026-01-01 00:42:51,14.141542434692385,voltage,17.76539124029134,temperature,1.41199006606259,CRITICAL,1.41199006606259,17.76539124029134,0.13893755112744263,0.5718834395196625,1.3741219427318547,0.9544275840739109,0.7805058165071421
2026-01-01 00:42:52,13.968353271484377,voltage,17.901532178669076,vibration,1.6280753188737422,CRITICAL,0.6609753519261183,17.901532178669076,0.6537889211666932,0.7714541065076936,1.6280753188737422,0.5208469534751274,0.7478742865726383
2026-01-01 00:42:53,16.81247901916504,voltage,19.423533705031744,vibration,2.0558966115032082,CRITICAL,0.5025516006668579,19.423533705031744,0.3113495441043795,0.29811121646128946,2.0558966115032082,0.01857705720087557,0.8731305396497882
2026-01-01 00:42:54,14.623361587524414,voltage,17.94385564100105,vibration,2.094207175768721,CRITICAL,1.2513434500333669,17.94385564100105,1.3954909409144045,0.9399944802172701,2.094207175768721,0.25180482365702805,0.756331671423107
2026-01-01 00:42:55,16.79877471923828,voltage,19.393205859996662,temperature,1.2139395841156038,CRITICAL,1.2139395841156038,19.393205859996662,0.8853968224655742,0.16490040683519905,0.5466040891458935,1.1060682130004063,0.8679114665755023
2026-01-01 00:42:56,13.765071868896484,voltage,17.740372904825396,current,1.0917854211658657,CRITICAL,0.47749775796997407,17.740372904825396,1.0917854211658657,0.4758892846253387,0.8700325138006774,0.7916637433196598,0.8754884690755584
2026-01-01 00:42:57,16.103059768676758,voltage,19.009971438364865,pressure,0.9833842488335224,CRITICAL,0.1637303904036732,19.009971438364865,0.6703786927126133,0.9833842488335224,0.03243819954234517,0.3029039053306766,0.8176856705892858
2026-01-01 00:42:58,17.35252571105957,voltage,19.999351068229366,vibration,0.9203673902036512,CRITICAL,0.31401103932298985,19.999351068229366,0.41981079148724776,0.7574684010680317,0.9203673902036512,0.5473387600929323,0.8449633912329839
2026-01-01 00:42:59,18.110010147094727,voltage,20.099566823000462,vibration,0.8943932941864143,CRITICAL,0.6539478450222493,20.099566823000462,0.5592373696727132,0.734881067684466,0.8943932941864143,0.8193588374815791,0.7724129665373675
2026-01-01 00:43:00,16.37510871887207,voltage,19.253493254708275,current,0.9378302195481087,CRITICAL,0.26538483142182034,19.253493254708275,0.9378302195481087,0.07954494265935348,0.6328218715701831,0.30099546878650274,0.8653102461413046
2026-01-01 00:43:01,17.531137466430664,voltage,19.92997504072357,rpm,1.1276951026195603,CRITICAL,0.25993838856430257,19.92997504072357,0.4969906528070216,0.08496335059877759,0.43746825746859264,1.1276951026195603,0.7207521625135713
2026-01-01 00:43:02,17.520793914794922,voltage,19.900303190901287,vibration,1.4940898500379365,CRITICAL,0.5571093360781493,19.900303190901287,0.19189217811966636,0.1780400372772624,1.4940898500379365,0.5219536171751636,0.7740541875393668
2026-01-01 00:43:03,15.695343017578123,voltage,18.904459417694177,rpm,1.0762151941665583,CRITICAL,0.2783049978175918,18.904459417694177,0.24161882013888558,0.13460332904312125,0.9977283077545047,1.0762151941665583,0.7844116909645233
2026-01-01 00:43:04,18.730737686157227,voltage,20.654944370367723,battery,0.8734109664769379,CRITICAL,0.18883587470151947,20.654944370367723,0.7402256256932147,0.6637277877446262,0.6041253238949701,0.6000598696883266,0.8734109664769379
2026-01-01 00:43:05,18.13050651550293,voltage,20.308045650485145,vibration,1.8588005441360527,CRITICAL,0.9515290256013325,20.308045650485145,0.28505442590213764,0.1547025237764283,1.8588005441360527,0.9005057198963532,0.922686560613077
2026-01-01 00:43:06,17.09922981262207,voltage,19.55094621697914,temperature,1.4141819714644104,CRITICAL,1.4141819714644104,19.55094621697914,0.7763485504708799,0.1954293220698029,0.02906835151329618,0.3798135317619791,0.7732070250126889
2026-01-01 00:43:07,18.39161872863769,voltage,20.507438390137672,battery,0.7975920060843981,CRITICAL,0.6843798082397454,20.507438390137672,0.647123413086172,0.47083936284658456,0.1536040516698754,0.5312198361393053,0.7975920060843981
2026-01-01 00:43:08,21.52176284790039,voltage,21.96095657173899,vibration,1.9304177236496374,CRITICAL,1.0834014484880647,21.96095657173899,0.36574951210510626,0.31724705216253,1.9304177236496374,0.7188916935038562,0.7223807436413127
2026-01-01 00:43:09,18.98634147644043,voltage,20.690258188149947,vibration,1.232941757821644,CRITICAL,0.6037604520053051,20.690258188149947,0.4188125428263847,0.22762585191221404,1.232941757821644,0.5505630234987905,0.7978417447125993
2026-01-01 00:43:10,21.4993839263916,voltage,22.00125458710371,rpm,0.8849946567969604,CRITICAL,0.2477968601695013,22.00125458710371,0.5134585396379995,0.21935031060314183,0.670141079584745,0.8849946567969604,0.8792792587423559
2026-01-01 00:43:11,18.504751205444336,voltage,20.417923881564622,temperature,0.8743799342495682,CRITICAL,0.8743799342495682,20.417923881564622,0.3795960537087033,0.27425049799664847,0.2464896226517015,0.27451685496428385,0.6789146420315143
2026-01-01 00:43:12,21.78654289245605,voltage,22.112249100163613,battery,0.8038207057707785,CRITICAL,0.6068491580444709,22.112249100163613,0.4296239094072921,0.34250489342867524,0.14750272202683876,0.3884441654693242,0.8038207057707785
2026-01-01 00:43:13,16.851469039916992,voltage,19.69402720960506,current,1.1095855780479922,CRITICAL,0.545936093616309,19.69402720960506,1.1095855780479922,0.7036926722941583,1.0644300880779969,0.668352151744691,0.851769610182713
2026-01-01 00:43:14,19.096683502197266,voltage,20.89152187389087,battery,0.8057920469262689,CRITICAL,0.030673347257652427,20.89152187389087,0.6724529114781688,0.482186985791626,0.6218277886901854,0.7292812214465167,0.8057920469262689
2026-01-01 00:43:15,22.703725814819336,voltage,22.60930932813184,temperature,2.075548626099146,CRITICAL,2.075548626099146,22.60930932813184,0.20069092702270663,0.6866617304740357,0.7159989104926444,0.25993715092207126,0.7884363818891588
2026-01-01 00:43:16,21.95335578918457,voltage,22.223304722815623,temperature,1.0003503051858331,CRITICAL,1.0003503051858331,22.223304722815623,0.004631864492706162,0.6047557331845566,0.8065536691254601,0.8565392060215822,0.8616741097972939
2026-01-01 00:43:17,21.501998901367188,voltage,21.89398901082325,current,0.7550956268077026,CRITICAL,0.4668485097215815,21.89398901082325,0.7550956268077026,0.34320782415142687,0.3549662467920643,0.5424467658748712,0.7449844430240732
2026-01-01 00:43:18,21.24234962463379,voltage,22.045192508085098,pressure,0.8384451743277287,CRITICAL,0.17921833879583007,22.045192508085098,0.1910728356263947,0.8384451743277287,0.4880135446275147,0.6834318341269394,0.7466630092686795
2026-01-01 00:43:19,22.92858123779297,voltage,22.45000000448916,rpm,1.8276689616040613,CRITICAL,0.9409543177809444,22.45000000448916,1.028914625333717,0.029998447956834748,0.511014860106273,1.8276689616040613,0.6726690442604117
2026-01-01 00:43:20,21.53654670715332,voltage,22.068680241757637,temperature,1.8586136534230542,CRITICAL,1.8586136534230542,22.068680241757637,0.1255389957749299,0.7985200530318322,0.47956467770037897,0.1611406009881796,0.8222435462791367
2026-01-01 00:46:30,0.8978918671607972,vibration,2.8515595674837844,rpm,1.8893535112764888,MEDIUM,0.6297563751919724,0.9380135234132471,1.6168981773599795,0.6905993405821388,2.8515595674837844,1.8893535112764888,0.8007217950190609
2026-01-01 01:07:44,0.8688618540763855,pressure,4.8280855828214975,vibration,1.0734335129426105,HIGH,0.23953652468101636,0.17432871055527616,0.5906363117739604,4.8280855828214975,1.0734335129426105,0.08743070417213426,0.3548177177442482
2026-01-01 01:07:47,0.8639228940010071,pressure,4.003417901569359,current,1.2673445114597643,HIGH,0.627891354977734,0.425067328287825,1.2673445114597643,4.003417901569359,0.6853750906076872,0.7125445311185012,0.2220188002111721
2026-01-01 01:07:50,0.8849700689315796,pressure,5.304553642417519,temperature,0.826960661052146,CRITICAL,0.826960661052146,0.15297964630552377,0.017043336926301934,5.304553642417519,0.4447838849586496,0.72959557597379,0.13515777602508083
2026-01-01 01:07:52,1.34041428565979,pressure,5.081890017708807,vibration,1.5417794043485369,CRITICAL,0.5510328699491326,0.41358913674349346,0.7697421983968978,5.081890017708807,1.5417794043485369,0.03767296073969034,0.421439908331369
2026-01-01 01:07:53,0.921199917793274,pressure,4.45078337389235,vibration,0.9848940525851753,HIGH,0.3724933916415615,0.4225521934712243,0.48639210613904854,4.45078337389235,0.9848940525851753,0.185754028238905,0.36974639243165447
2026-01-01 01:07:54,0.9829915165901184,pressure,4.2425911719945555,voltage,1.786712398292467,HIGH,0.18007271790897714,1.786712398292467,0.0770071298785564,4.2425911719945555,1.1751283243019643,0.29933109576714945,0.12452559467142764
2026-01-01 01:07:56,1.1150455474853516,pressure,5.885913585817259,rpm,1.3456852894412585,CRITICAL,0.24643339036489462,0.04822745076074307,0.1481291740852092,5.885913585817259,0.897356732190412,1.3456852894412585,0.305146135809721
2026-01-01 01:07:57,1.1516669988632202,pressure,4.701580325711949,vibration,1.223350039051938,HIGH,0.8310951508200454,0.633151709623433,0.03439976650873584,4.701580325711949,1.223350039051938,1.2204056036449453,0.3086461232423954
2026-01-01 01:08:02,0.9567665457725524,pressure,4.067281721418723,temperature,1.626591711457261,HIGH,1.626591711457261,0.5019900437178035,1.1739219279101025,4.067281721418723,1.3765051422189467,1.238859146122659,0.33147808956080405
2026-01-01 01:08:03,1.1763945817947388,pressure,5.137516423258626,vibration,1.4543893689342673,CRITICAL,0.7331872647430988,0.15377611940144592,0.5018826180070725,5.137516423258626,1.4543893689342673,0.4031885748533802,0.24947946828285564
2026-01-01 01:08:05,0.8663623332977295,pressure,5.47033372179895,vibration,1.0817197330728374,CRITICAL,0.3899543835126117,0.07502261246685236,0.3880447075369297,5.47033372179895,1.0817197330728374,0.3383809042446705,0.173895621318205
2026-01-01 01:08:06,1.5395509004592896,pressure,5.521229300644274,vibration,1.581879526491553,CRITICAL,1.1097805719181164,1.2164344524516777,0.2992043494421165,5.521229300644274,1.581879526491553,0.35423752540364695,0.16767290274911767
2026-01-01 01:08:09,0.9425406455993652,pressure,5.495926940928199,current,1.532366927939124,CRITICAL,0.30513126756107023,0.0953160051096221,1.532366927939124,5.495926940928199,0.638557999933328,1.304861894020047,0.35285580852673243
2026-01-01 01:08:10,0.8558481931686401,pressure,4.254200215889039,current,1.17912835610484,HIGH,0.15789528453206386,0.28062844946063886,1.17912835610484,4.254200215889039,0.28911456260889595,0.8498305754503888,0.25588546732603773
2026-01-01 01:08:11,1.1865733861923218,pressure,6.313326795553608,temperature,1.5074345661515476,CRITICAL,1.5074345661515476,0.10928494083523094,0.31712150121687327,6.313326795553608,0.6478741301655929,0.09151095355517215,0.3788135082526154
2026-01-01 01:08:13,1.3492053747177124,pressure,5.7961963220677895,vibration,1.1241230553013941,CRITICAL,0.7285712619556519,0.027552367806983172,0.6591862468683246,5.7961963220677895,1.1241230553013941,0.5027037562499355,0.2942890530981359
2026-01-01 01:08:14,1.1135592460632324,pressure,5.8786109293037345,temperature,1.40163075402687,CRITICAL,1.40163075402687,0.23569240140886813,0.4033655778238712,5.8786109293037345,0.455392048760736,0.15487346575822533,0.1470181752877093
2026-01-01 01:08:16,1.2547762393951416,pressure,5.146458059500387,vibration,1.3229421188995139,CRITICAL,0.991383893999071,0.7788372191076955,0.6758103704202129,5.146458059500387,1.3229421188995139,0.7663369398335136,0.28835079821884524
2026-01-01 01:08:17,1.8045532703399656,pressure,6.146236238996475,current,1.4161025992611531,CRITICAL,0.21581129607295507,0.9407764876242075,1.4161025992611531,6.146236238996475,1.2927629212899674,0.09708990419033103,0.3664930107904609
2026-01-01 01:08:18,1.5453771352767944,pressure,5.725328063137929,rpm,2.1015207630130615,CRITICAL,0.5227992758564322,0.26243349735182864,0.40839564171462783,5.725328063137929,0.7307537154461965,2.1015207630130615,0.17832062710617996
2026-01-01 01:08:19,1.8424187898635864,pressure,6.181555058643428,vibration,1.3199139051252307,CRITICAL,0.662888320088645,0.47646996800701386,0.8193146050214138,6.181555058643428,1.3199139051252307,0.799027552691206,0.26275999335457373
2026-01-01 01:08:20,1.1579891443252563,pressure,5.873987904449719,voltage,1.1537294278210661,CRITICAL,0.3678123905750759,1.1537294278210661,0.24499563796910417,5.873987904449719,0.47500206588066396,0.28916456537536045,0.3822509300801262
2026-01-01 01:08:21,1.860853672027588,pressure,6.648837977094856,vibration,0.7258067778359348,CRITICAL,0.1128179055808134,0.0375708555142832,0.5512570222698779,6.648837977094856,0.7258067778359348,0.17279010915509746,0.3910568792599239
2026-01-01 01:08:22,1.739929437637329,pressure,6.0173941463548575,temperature,1.5214480192862174,CRITICAL,1.5214480192862174,1.0144126554519854,0.4216636976681992,6.0173941463548575,1.171581292204942,0.33012720659503875,0.22365842831289745
2026-01-01 01:08:23,1.537939429283142,pressure,6.900294669650806,vibration,1.5308904743548837,CRITICAL,1.2204418801481502,0.04208373993322204,0.8290021200330319,6.900294669650806,1.5308904743548837,0.5417606919734417,0.23357747939263288
2026-01-01 01:08:25,1.6985507011413574,pressure,6.061356198832778,voltage,1.8928197731252472,CRITICAL,0.807246917690858,1.8928197731252472,0.8425769221431172,6.061356198832778,0.6235870598724014,0.8937489649994012,0.13365883958691074
2026-01-01 01:08:26,1.7888745069503784,pressure,5.835513715256498,voltage,1.5826683759745066,CRITICAL,0.45840743643042897,1.5826683759745066,0.18792510757358954,5.835513715256498,1.5194951143225737,0.19236082081767047,0.25303256145226205
2026-01-01 01:08:27,1.5980193614959717,pressure,6.513630432909503,temperature,1.5512600226618514,CRITICAL,1.5512600226618514,0.6627442801825183,0.9927466100528234,6.513630432909503,1.3166107095309436,0.19056579549786448,0.23498648831930793
2026-01-01 01:08:28,1.906683087348938,pressure,6.161960683332518,voltage,1.1242455812429422,CRITICAL,0.5306121452958552,1.1242455812429422,0.15756208370507815,6.161960683332518,1.060549799681654,0.31237408875755435,0.42151122308143485
2026-01-01 01:08:29,0.9375984072685242,pressure,6.257627963509631,vibration,1.6482742591554649,CRITICAL,0.8205019239728517,1.1706302253087888,1.2287699218763537,6.257627963509631,1.6482742591554649,0.13508720793326123,0.3028492106606887
2026-01-01 01:08:30,1.1742558479309082,pressure,6.025879166777035,vibration,2.0856152505870726,CRITICAL,1.427932722305244,0.18530604456046595,0.6947141906994818,6.025879166777035,2.0856152505870726,0.40999520789572713,0.2640952344151692
2026-01-01 01:08:31,1.8502098321914675,pressure,6.243231413911678,rpm,1.5707990688497298,CRITICAL,0.16575506621111635,0.03460881489110678,0.31433527705162145,6.243231413911678,1.1992936364478681,1.5707990688497298,0.32344229199365276
2026-01-01 01:08:32,1.4113353490829468,pressure,6.5894752257774005,temperature,1.7100170699414898,CRITICAL,1.7100170699414898,0.19741763038801588,0.6108221229063571,6.5894752257774005,0.665522976404738,0.5733578418513556,0.3488105136993973
2026-01-01 01:08:33,1.2118858098983765,pressure,5.39883072871693,vibration,1.2837969902430024,CRITICAL,0.3203487498227958,0.026999678583201587,0.45472553436891816,5.39883072871693,1.2837969902430024,0.4930135387795767,0.3612522675832764
2026-01-01 01:08:35,2.151190757751465,pressure,6.827830390380577,vibration,1.7139103186702684,CRITICAL,0.4524432260823404,0.6312384373304796,0.6467809930344748,6.827830390380577,1.7139103186702684,0.1393725708057849,0.27514167242756166
2026-01-01 01:08:36,1.1278457641601562,pressure,5.126935654511488,voltage,0.7418936209660567,CRITICAL,0.5430238669299543,0.7418936209660567,0.47872736907162555,5.126935654511488,0.6225917061739032,0.4203640446004217,0.2873487201446248
2026-01-01 01:08:37,2.6435673236846924,pressure,6.800342838444658,rpm,1.7601281195147205,CRITICAL,0.5374121365611778,1.4675898313214741,0.31775454207776954,6.800342838444658,0.9141698143818143,1.7601281195147205,0.2720458055454243
2026-01-01 01:08:38,1.357903242111206,pressure,6.750470258113898,rpm,1.1349080429960756,CRITICAL,0.41308566963284177,0.16172169588660984,1.0761835962827402,6.750470258113898,0.5553988904256273,1.1349080429960756,0.23920088792871966
2026-01-01 01:08:39,1.998413324356079,pressure,7.3894179458312745,vibration,1.1351678222614967,CRITICAL,0.03250300735437457,0.21462453595811654,0.9860360246437521,7.3894179458312745,1.1351678222614967,0.6798974921915776,0.34741113412657076
2026-01-01 01:08:40,1.3371028900146484,pressure,6.696437188158969,voltage,1.4475879678026808,CRITICAL,0.3220685951473908,1.4475879678026808,0.30563111394218223,6.696437188158969,1.1595990785752301,0.42948477492026615,0.26173255360574194
2026-01-01 01:08:41,2.6766300201416016,pressure,8.161014266186035,vibration,1.46022447827772,CRITICAL,0.6367578190167617,0.18512427747672122,0.30508859501046215,8.161014266186035,1.46022447827772,0.08962086434908464,0.20467419455108826
2026-01-01 01:08:42,2.690347909927368,pressure,7.775671916667207,rpm,1.7169343106187804,CRITICAL,1.3630540495726073,1.0039749144684853,0.12406665854476275,7.775671916667207,1.1132341383942748,1.7169343106187804,0.2757767661891722
2026-01-01 01:08:43,1.3279335498809814,pressure,6.366933407461371,vibration,1.0761151004789486,CRITICAL,0.8735281256861593,0.026213534572947433,0.3805773954600213,6.366933407461371,1.0761151004789486,0.15547443057292865,0.32348774706937977
2026-01-01 01:08:44,2.825514316558838,pressure,7.198678048444095,voltage,1.8583434165788082,CRITICAL,0.9441786456445457,1.8583434165788082,1.4536984326216005,7.198678048444095,0.7305521456362762,1.3611174177814485,0.17315193528371298
2026-01-01 01:08:45,3.0834953784942627,pressure,8.394797907965222,vibration,0.896782673482719,CRITICAL,0.02435182662170173,0.2222913832342908,0.34275873276160806,8.394797907965222,0.896782673482719,0.6573943313774194,0.254758574556178
2026-01-01 01:08:46,2.405372142791748,pressure,7.070764253086298,rpm,0.920098439203458,CRITICAL,0.17050978432018518,0.5008775007702818,0.10701470266520939,7.070764253086298,0.27671902209851673,0.920098439203458,0.21760000126244677
2026-01-01 01:08:47,2.21221923828125,pressure,7.538389552251853,temperature,1.9405459038411135,CRITICAL,1.9405459038411135,0.5274249882556871,0.7023671435293793,7.538389552251853,1.8521198718141387,0.6295587788087855,0.4233174636670591
2026-01-01 01:08:48,3.388569593429565,pressure,8.513180415699651,current,1.5848029688657632,CRITICAL,0.27563424048041824,0.6025696488753841,1.5848029688657632,8.513180415699651,1.016758384094487,0.9216238265291614,0.2786199780156514
2026-01-01 01:08:49,1.671967625617981,pressure,7.364043871277786,vibration,1.998913683968948,CRITICAL,1.8558119815414096,0.942329111939929,0.9302506423570691,7.364043871277786,1.998913683968948,0.9908155275425212,0.3790991924730982
2026-01-01 01:08:50,3.458239316940308,pressure,8.46781177794716,current,1.0925569142659886,CRITICAL,0.6089915483709315,0.8860720379402194,1.0925569142659886,8.46781177794716,1.008998467277291,0.21100800482344031,0.2884480409050675
2026-01-01 01:08:51,2.421093463897705,pressure,7.263581700160253,current,1.2121033007882396,CRITICAL,0.7751497686008189,0.910008305285193,1.2121033007882396,7.263581700160253,0.008065247631209164,0.39397724572094217,0.29426987559894374
2026-01-01 01:08:52,1.833679676055908,pressure,6.093925211141161,temperature,1.4833421969906435,CRITICAL,1.4833421969906435,1.3465127226908418,0.4306702463144742,6.093925211141161,0.8301884808057355,0.48132191178009914,0.2666642474446068
2026-01-01 01:08:53,2.4320602416992188,pressure,8.729009110420776,temperature,1.620566454113902,CRITICAL,1.620566454113902,0.27538052030528165,0.6085128549803149,8.729009110420776,1.086043461448037,1.1253265547315492,0.2551628405504746
2026-01-01 01:08:54,2.369194507598877,pressure,8.30099782573096,current,1.5914959774464061,CRITICAL,0.7139683191796554,0.5337609103688689,1.5914959774464061,8.30099782573096,1.1275974691176107,0.10595794293253517,0.26511388417306436
2026-01-01 01:08:55,3.521376609802246,pressure,8.40721418720793,vibration,1.4755796175186826,CRITICAL,0.5355631337827192,0.812083584600604,0.6826948383063965,8.40721418720793,1.4755796175186826,0.552675527002627,0.2244844637356305
2026-01-01 01:08:56,2.1531503200531006,pressure,7.474892830455421,vibration,1.194975697790863,CRITICAL,0.758870191400881,0.7320149491939456,0.9711028131020448,7.474892830455421,1.194975697790863,0.4444175962955916,0.26875982710581237
2026-01-01 01:08:57,1.7012269496917725,pressure,7.589724387662992,current,1.172392102309196,CRITICAL,1.0227023169202645,0.15802786393154666,1.172392102309196,7.589724387662992,0.9098091321851796,0.10972438834617002,0.15708287396524936
2026-01-01 01:08:58,2.2949814796447754,pressure,9.00585188246941,temperature,1.3915704326546245,CRITICAL,1.3915704326546245,1.1977030005465885,1.0175998236021904,9.00585188246941,0.5866957042526825,0.21711854726358024,0.2808071123622279
2026-01-01 01:08:59,3.25787353515625,pressure,8.504545352427789,rpm,1.2833933691303723,CRITICAL,0.8113678212201524,0.6756817148177964,0.4838294598733386,8.504545352427789,0.8762817198351135,1.2833933691303723,0.18530936450245517
2026-01-01 01:09:00,2.4778993129730225,pressure,8.344501414728208,vibration,1.4490274623953503,CRITICAL,1.2205672082291228,0.3375049705281829,0.5534698499941267,8.344501414728208,1.4490274623953503,0.5928125877963675,0.2746617253958987
2026-01-01 01:09:01,2.4034841060638428,pressure,8.620923555405248,temperature,1.896453248906559,CRITICAL,1.896453248906559,0.05756918655633361,1.1232195620764909,8.620923555405248,1.5947619625755498,0.16220073954271236,0.28995532228322496
2026-01-01 01:09:02,4.3084588050842285,pressure,9.489996980979319,current,1.125945228171671,CRITICAL,1.072390654978025,0.9691722077858715,1.125945228171671,9.489996980979319,0.7330965457446961,0.9906610457097164,0.3652826186670057
2026-01-01 01:09:03,2.953574657440185,pressure,9.065142162375556,vibration,1.683373502516816,CRITICAL,1.0306247198105107,0.41968480042577655,1.403296214886601,9.065142162375556,1.683373502516816,1.1672357309671613,0.2889757688399751
2026-01-01 01:09:04,2.7396199703216557,pressure,8.382107425075615,vibration,1.438663928893954,CRITICAL,0.1713696417450268,0.44764343918022914,0.9768122356864497,8.382107425075615,1.438663928893954,0.37291181583221616,0.24837329852512477
2026-01-01 01:09:05,2.319765567779541,pressure,7.867339059515162,current,1.0123688884549056,CRITICAL,0.8998429846174664,0.8628731299147102,1.0123688884549056,7.867339059515162,0.6196337612989784,0.16079531700515912,0.2230011155948695
2026-01-01 01:09:06,3.097625494003296,pressure,9.175964886687648,vibration,1.2610999728939394,CRITICAL,1.0933629985154052,0.31195419680763237,0.2890168627944475,9.175964886687648,1.2610999728939394,0.3581590637882092,0.31552405274927764
2026-01-01 01:09:07,3.136549711227417,pressure,8.297090337209733,voltage,2.0961415513730945,CRITICAL,0.7789973900981281,2.0961415513730945,0.19873562358373897,8.297090337209733,1.332468438731786,0.8707481523231232,0.2588828434942306
2026-01-01 01:09:08,3.263206243515014,pressure,8.200934565222312,rpm,1.191514006665493,CRITICAL,0.5062659807486949,0.958387925371805,1.152070994157095,8.200934565222312,0.5255152805135412,1.191514006665493,0.21343671997533012
2026-01-01 01:09:09,4.3319196701049805,pressure,9.825871119738803,temperature,1.009820099496552,CRITICAL,1.009820099496552,0.5964710597323146,0.21113605864743298,9.825871119738803,0.36137457345584884,0.4998979445883391,0.27562480978226106
2026-01-01 01:09:10,3.542915105819702,pressure,9.614259606390677,vibration,1.3964595311548404,CRITICAL,0.8134658896464749,0.34647354349239284,0.6008245809597274,9.614259606390677,1.3964595311548404,0.12463966111578231,0.13649196190571955
2026-01-01 01:09:11,2.9951376914978027,pressure,9.37557091038533,temperature,1.600178693126134,CRITICAL,1.600178693126134,0.3044475702611514,1.5805728507601193,9.37557091038533,0.874633051735685,0.8761632367190803,0.269867851980891
2026-01-01 01:09:12,3.488488912582397,pressure,8.426756875730614,vibration,1.9850445298137727,CRITICAL,0.9176905236384233,1.2733520564122542,1.4738044396631191,8.426756875730614,1.9850445298137727,0.17703138757796757,0.2101210081795316
2026-01-01 01:09:13,4.703888893127441,pressure,10.382340567954458,vibration,2.1042640341760874,CRITICAL,0.37263026951450995,0.1440734868391309,0.8368512228192233,10.382340567954458,2.1042640341760874,0.04386426144150374,0.24112443346755147
2026-01-01 01:09:14,4.876200199127197,pressure,9.972793394057538,temperature,1.5208943026988735,CRITICAL,1.5208943026988735,0.8759470226255823,0.42361028083957303,9.972793394057538,1.401121962432573,0.008494351011967657,0.40098308308364167
2026-01-01 01:09:15,3.369532585144043,pressure,9.205954508833342,vibration,1.672852335243057,CRITICAL,0.7291774986617978,0.2468564606893798,0.5477477258206583,9.205954508833342,1.672852335243057,0.27507907393912745,0.22946112570995972
2026-01-01 01:09:16,4.889194297790527,pressure,9.139135079000168,voltage,1.8126079014734844,CRITICAL,1.2228442111393585,1.8126079014734844,1.2424470235130698,9.139135079000168,0.5597922564697351,0.336309281655792,0.3171470662295164
2026-01-01 01:09:17,4.858730125427246,pressure,9.575100886496834,voltage,0.997399674144778,CRITICAL,0.5650379525305786,0.997399674144778,0.6156276424182224,9.575100886496834,0.38704699632910455,0.05855530615039265,0.3347085809239962
2026-01-01 01:09:18,4.854031848907471,pressure,9.292627949288336,voltage,1.3439202078297934,CRITICAL,0.4550617666712659,1.3439202078297934,0.2554197629419679,9.292627949288336,1.0592950331406628,0.7645852334075244,0.3208698188181452
2026-01-01 01:09:19,4.425814628601074,pressure,11.037590098258175,current,1.496062714928531,CRITICAL,0.9422512009025632,0.09703209663686922,1.496062714928531,11.037590098258175,0.41426600738405756,0.7050331872018948,0.2872074151662248
2026-01-01 01:09:20,4.399425029754639,pressure,9.481125857132975,vibration,1.3139896555978945,CRITICAL,0.8988006206789122,1.2215740185694879,0.7785376996667263,9.481125857132975,1.3139896555978945,0.46862337334189463,0.1847705084228793
2026-01-01 01:09:21,2.944909811019897,pressure,9.12034554411098,temperature,1.2100056202718614,CRITICAL,1.2100056202718614,0.2883074995517411,0.2529737126647786,9.12034554411098,0.699119277498442,0.09614998686055612,0.2159807721763973
2026-01-01 01:09:22,4.827559471130371,pressure,10.84411247247112,vibration,1.2489566851970755,CRITICAL,0.7203467220280153,0.5797272310751336,0.9930114161961984,10.84411247247112,1.2489566851970755,0.19148429403067066,0.1800662984135594
2026-01-01 01:09:23,5.179059505462647,pressure,9.562326684895444,voltage,1.6239892073688065,CRITICAL,0.30911510665893327,1.6239892073688065,1.339818755638339,9.562326684895444,1.0443041002424192,0.4377164349248134,0.2359043060017333
2026-01-01 01:09:24,4.614038467407227,pressure,10.473925394502457,vibration,1.5016351209640835,CRITICAL,0.619065975508324,0.20193811693558256,0.03651216058238284,10.473925394502457,1.5016351209640835,0.3980441578988507,0.23636240999515784
2026-01-01 01:09:25,4.682265758514404,pressure,10.469875521017467,temperature,1.4305968688605064,CRITICAL,1.4305968688605064,0.6517870791927868,0.5298679330791668,10.469875521017467,1.3264144424615498,0.3365135365566151,0.19642851891745353
2026-01-01 01:09:26,4.516533851623535,pressure,10.076909276452694,vibration,0.9146585798066748,CRITICAL,0.7149886757736615,0.8148978642985428,0.5011304631194629,10.076909276452694,0.9146585798066748,0.7566981812821938,0.2969545025184358
2026-01-01 01:09:27,4.177455902099609,pressure,9.571259988397152,current,0.9919971332982059,CRITICAL,0.7518889598994379,0.8736824167866494,0.9919971332982059,9.571259988397152,0.3707251430745513,0.1262307488824112,0.22475668738364182
2026-01-01 01:09:28,3.9019813537597656,pressure,10.213980678373153,temperature,1.5673753798932013,CRITICAL,1.5673753798932013,0.21349595620646591,1.1207798871972232,10.213980678373153,1.2339484237355591,1.0360088884865621,0.2334322484336697
2026-01-01 01:09:29,4.560823440551758,pressure,9.578947022621316,voltage,1.9488632872440974,CRITICAL,0.4516268773974836,1.9488632872440974,0.2989978979709712,9.578947022621316,0.15940598817192664,0.2315066156950529,0.14982149938338965
2026-01-01 01:09:30,4.774048328399658,pressure,10.35986975729912,vibration,1.8444912126717803,CRITICAL,0.09258167746887636,0.35743937983690705,0.35391361083751766,10.35986975729912,1.8444912126717803,0.6684808144436892,0.26256857153253066
2026-01-01 01:09:31,6.1227335929870605,pressure,10.922492315641007,voltage,1.5259524954629982,CRITICAL,0.8212376455122491,1.5259524954629982,1.4098450356491836,10.922492315641007,1.4396160191038865,0.024083889453569082,0.2509357607954176
2026-01-01 01:09:32,6.719566345214844,pressure,11.577838565890612,vibration,1.6160804095762435,CRITICAL,0.6111884664051636,1.3622043944668667,0.0871464245643637,11.577838565890612,1.6160804095762435,0.22288063821807763,0.21570917808470397
2026-01-01 01:09:33,5.592027187347412,pressure,9.891426055998222,voltage,1.8333192858616032,CRITICAL,0.2966533205105429,1.8333192858616032,0.8862557426686734,9.891426055998222,0.5934317175139647,0.0955805529596091,0.2830617420240424
2026-01-01 01:09:34,4.1709303855896,pressure,10.479596962917421,vibration,1.3402578910605598,CRITICAL,0.8207740423096321,0.5467044257385526,0.6084971849164251,10.479596962917421,1.3402578910605598,0.5705613090053334,0.2646111984313571
2026-01-01 01:09:35,3.72709321975708,pressure,10.373639090939289,temperature,1.2631694765480823,CRITICAL,1.2631694765480823,0.052672890003409585,0.8171441233309125,10.373639090939289,0.7626896958740539,0.550973983707361,0.2966242678874629
2026-01-01 01:09:36,5.998989582061768,pressure,10.93757111171476,current,1.858593003020686,CRITICAL,0.9361881532515993,1.5622775521728036,1.858593003020686,10.93757111171476,1.2217622564497408,0.5928376182310026,0.29939143524197565
2026-01-01 01:09:37,2.652257204055786,pressure,9.881842154264707,current,2.8290807366462416,CRITICAL,1.1475024180608675,0.7357208163230541,2.8290807366462416,9.881842154264707,0.5736011159598108,0.31782136900968544,0.30473491320320156
2026-01-01 01:09:38,3.8708419799804688,pressure,10.317537975873885,temperature,2.14292929316223,CRITICAL,2.14292929316223,0.5482085069900963,0.4251665702821412,10.317537975873885,1.0884866748757716,0.6548859626630231,0.37022627022720045
2026-01-01 01:09:39,3.4702248573303223,pressure,9.906287356147216,current,1.4031597398616626,CRITICAL,0.7250937901211228,0.2181182645862986,1.4031597398616626,9.906287356147216,0.35689696997903053,0.22652392753712874,0.26355691499380474
2026-01-01 01:09:40,4.028024196624756,pressure,10.130063908570744,temperature,1.1372209418586383,CRITICAL,1.1372209418586383,0.6854251072814517,0.6114029939865274,10.130063908570744,1.0427453782073464,0.42400584195484725,0.1890197338836136
2026-01-01 01:09:41,6.097941875457764,pressure,10.681110661386985,voltage,1.6443781536899662,CRITICAL,0.6211116133761307,1.6443781536899662,1.4542553598598649,10.681110661386985,0.2042222848396098,0.06238461880511473,0.22430579590872504
2026-01-01 01:09:42,6.389145374298096,pressure,12.202086888064011,vibration,2.1153323420325303,CRITICAL,0.4017265037814326,0.4332078489490726,1.3943131265619872,12.202086888064011,2.1153323420325303,0.5395179537953327,0.22580413956541925
2026-01-01 01:09:43,4.798216819763184,pressure,11.441259328741861,current,1.7130328182654624,CRITICAL,0.5766976052303264,0.14705412623884212,1.7130328182654624,11.441259328741861,1.218886374896068,0.2037889738650181,0.1897965115754849
2026-01-01 01:09:44,5.250967979431152,pressure,11.330201274302377,vibration,1.1299084174001304,CRITICAL,0.6493073358364613,0.7777797147095181,0.9319259791310334,11.330201274302377,1.1299084174001304,0.41059085815824514,0.07943814787743525
2026-01-01 01:09:45,6.9606547355651855,pressure,12.195966387909529,vibration,1.5061474871122074,CRITICAL,1.2042225726752775,0.888512009031658,0.116103192674917,12.195966387909529,1.5061474871122074,0.5693091170155377,0.26857058749341295
2026-01-01 01:09:46,5.777256488800049,pressure,11.659924357412578,temperature,2.5176913602776207,CRITICAL,2.5176913602776207,0.8718317115683372,1.3863922600214353,11.659924357412578,0.39022313521125,0.3311143509668699,0.2545865567376055
2026-01-01 01:09:47,6.700101852416992,pressure,11.784009350244508,current,0.8249675927571658,CRITICAL,0.5007561374495755,0.45163158373623297,0.8249675927571658,11.784009350244508,0.6806456793578359,0.5566828855624932,0.3840479539769234
2026-01-01 01:09:48,5.009120464324951,pressure,11.255900699255031,vibration,1.4183258340129863,CRITICAL,0.7005504409290748,0.7593049418164696,0.5827521196193765,11.255900699255031,1.4183258340129863,0.5976688423367825,0.37931919155075844
2026-01-01 01:09:49,4.983876705169678,pressure,11.218734837027343,vibration,1.2076738109525396,CRITICAL,0.9359402299341517,0.04813175027015424,0.41684408298225945,11.218734837027343,1.2076738109525396,0.06645816400558839,0.29815987626677026
2026-01-01 01:09:50,6.0104079246521,pressure,10.863463672018618,voltage,1.551111523136406,CRITICAL,1.2407483888016217,1.551111523136406,1.4537015608934085,10.863463672018618,0.7084638150675104,0.8597918196136113,0.28972736766909524
2026-01-01 01:09:51,4.718320369720459,pressure,11.372218533585286,current,1.873072727584075,CRITICAL,1.1560180428278746,0.7115945609562041,1.873072727584075,11.372218533585286,1.4773665794672328,0.5389128362182359,0.19326045993635446
2026-01-01 01:09:52,5.8172783851623535,pressure,11.637806683362621,temperature,1.8307811151057065,CRITICAL,1.8307811151057065,0.3662375852020271,0.07540123626900817,11.637806683362621,1.2801201957758868,0.7320878629244805,0.26321367253603745
2026-01-01 01:09:53,7.838018894195557,pressure,12.093630196572036,vibration,1.39190018060857,CRITICAL,0.6115955515134379,1.3527537697341887,1.1948161684698255,12.093630196572036,1.39190018060857,0.4839427889090172,0.24180054088804362
2026-01-01 01:09:54,6.564938068389893,pressure,11.920898034650651,vibration,1.3238834890972522,CRITICAL,0.5833092279301254,0.17999704223353102,0.5044836239973551,11.920898034650651,1.3238834890972522,0.08532603666265966,0.2595644217776049
2026-01-01 01:09:55,5.976059436798096,pressure,11.781367019446488,vibration,0.7170160226137624,CRITICAL,0.6648811339989039,0.4405176594810942,0.25597692628065527,11.781367019446488,0.7170160226137624,0.029690854767686344,0.19607032389348492
2026-01-01 01:09:56,5.923962116241455,pressure,11.505545171068725,temperature,1.7167746788745168,CRITICAL,1.7167746788745168,0.6911168297885194,0.8731048763748819,11.505545171068725,1.0556247471129867,0.5541282477338108,0.27774466374111983
2026-01-01 01:09:57,6.5593581199646,pressure,12.389433443452281,rpm,0.30673803185513504,CRITICAL,0.03557387410926583,0.2982375541231143,0.19212735216365248,12.389433443452281,0.04812230016326984,0.30673803185513504,0.15392922403855988
2026-01-01 01:09:58,7.605701446533203,pressure,11.894917020918882,temperature,0.9835142914859312,CRITICAL,0.9835142914859312,0.6710900624110007,0.3241492547369865,11.894917020918882,0.804238579487914,0.04248513843108483,0.4576818486875245
2026-01-01 01:09:59,6.592556476593018,pressure,12.492082712675437,temperature,1.3765207934468446,CRITICAL,1.3765207934468446,0.47670849829469075,0.23382018594035794,12.492082712675437,0.9507788436003402,0.42409028148846695,0.34767600543265953
2026-01-01 01:10:00,5.0061774253845215,pressure,11.142087024241201,vibration,1.4393199595776713,CRITICAL,1.162778838561065,0.3481419781459068,0.06516240614754505,11.142087024241201,1.4393199595776713,0.7362142398583937,0.33905724284226557
2026-01-01 01:10:01,7.5207200050354,pressure,12.612209883852932,vibration,1.3713171098437464,CRITICAL,0.2859551571422964,0.7340245134690382,0.3337707063964969,12.612209883852932,1.3713171098437464,0.0692076618121781,0.15903555040697478
2026-01-01 01:10:02,6.950129508972168,pressure,12.934000034552998,rpm,0.8873143107244077,CRITICAL,0.35688837600407103,0.29447021897922326,0.13696557938224987,12.934000034552998,0.6548857489262967,0.8873143107244077,0.1348494107276001
2026-01-01 01:10:03,7.955404281616211,pressure,12.919973535658931,voltage,0.7283702774465739,CRITICAL,0.36922676528856035,0.7283702774465739,0.5148751843303102,12.919973535658931,0.6388466138880741,0.32815544660578566,0.2653629956671131
2026-01-01 01:10:04,8.19498348236084,pressure,12.475842723956406,vibration,1.8088711698838078,CRITICAL,1.0828734852464414,1.5562689075456348,0.29588415493051146,12.475842723956406,1.8088711698838078,1.3047975942102166,0.22502989391580272
2026-01-01 01:10:05,7.986069679260254,pressure,13.235676639691881,current,1.057941665174534,CRITICAL,0.5992414427861329,0.4285083207029165,1.057941665174534,13.235676639691881,0.902303378422434,0.043725452761591344,0.373265072562363
2026-01-01 01:10:06,5.140632629394531,pressure,11.934911449237608,temperature,1.3392287253759698,CRITICAL,1.3392287253759698,0.17703298262817638,1.2126836962317367,11.934911449237608,1.128640139929434,0.3397122965162744,0.28869737968561854
2026-01-01 01:10:07,7.830208301544189,pressure,12.739533176343276,vibration,1.5031124216635403,CRITICAL,0.8653271944051725,0.5388318164937425,0.9829796943371094,12.739533176343276,1.5031124216635403,0.44941075672056674,0.2421654213266024
2026-01-01 01:10:08,6.801923751831055,pressure,12.740013350793188,vibration,1.0114065399853953,CRITICAL,0.45266305478415836,0.05994326608861935,0.6401541530808599,12.740013350793188,1.0114065399853953,0.34759690162021095,0.3468345527522671
2026-01-01 01:10:09,8.127763748168945,pressure,13.573394563973224,rpm,2.0450031002784375,CRITICAL,0.2769867018807586,1.0366593631346117,0.6240663158066169,13.573394563973224,0.966590190080068,2.0450031002784375,0.2568957511696503
2026-01-01 01:10:10,5.764004230499268,pressure,11.7303192922648,vibration,0.8700725289432658,CRITICAL,0.8516588660461718,0.5321392435649989,0.22607825336010562,11.7303192922648,0.8700725289432658,0.46312017458801036,0.2597862878798572
2026-01-01 01:10:11,8.306989669799805,pressure,12.396737064572552,voltage,1.8033654912237596,CRITICAL,0.667662821168741,1.8033654912237596,0.24555763934997063,12.396737064572552,0.7565055683941476,0.7438556409781941,0.3155770332456332
2026-01-01 01:10:12,9.781842231750488,pressure,14.213878079026522,temperature,1.5494016696568418,CRITICAL,1.5494016696568418,1.4324960767635144,1.3057356357588792,14.213878079026522,1.1197888613116036,0.7396420191859286,0.19651396165663623
2026-01-01 01:10:13,6.409468173980713,pressure,11.670953996799913,rpm,1.8401932853196716,CRITICAL,0.19978598557717095,0.5362554298017763,0.40925414090631607,11.670953996799913,0.006931954748565902,1.8401932853196716,0.31326921024409715
2026-01-01 01:10:14,8.917881965637207,pressure,13.762584356331404,voltage,1.1320161871108338,CRITICAL,1.0567230057822543,1.1320161871108338,0.7641100304878281,13.762584356331404,0.8264785178433971,1.0946479761693064,0.28167314503395763
2026-01-01 01:10:15,6.612991809844971,pressure,12.882400124713707,temperature,1.3960656097834934,CRITICAL,1.3960656097834934,0.3772799925375443,0.5974151787865243,12.882400124713707,1.3301343682985807,0.061382804241941646,0.1786861286940659
2026-01-01 01:10:16,7.51503849029541,pressure,13.544269191072882,temperature,2.252881815779215,CRITICAL,2.252881815779215,0.6715231654087284,1.2433679558379573,13.544269191072882,1.2596338401198102,0.7170933211784953,0.3770843969793075
2026-01-01 01:10:17,9.287293434143066,pressure,14.333546221678496,vibration,1.8116205007905841,CRITICAL,0.7135554532932038,0.40400381674510144,0.16547708360992028,14.333546221678496,1.8116205007905841,0.7968933489302863,0.20997801066765542
2026-01-01 01:10:18,8.368854522705078,pressure,13.699490014882599,vibration,1.4831741514709378,CRITICAL,1.2460728288497795,1.1767514601458315,0.839422956754912,13.699490014882599,1.4831741514709378,1.0833269260834537,0.12837506969157098
2026-01-01 01:10:19,11.022012710571287,pressure,14.477694629177478,voltage,1.6344239721678522,CRITICAL,0.15491332148774045,1.6344239721678522,1.0724106207846977,14.477694629177478,1.2361228862361127,0.5211514544090003,0.18718751063743977
2026-01-01 01:10:20,9.402518272399902,pressure,13.340219873057709,voltage,1.203703276967162,CRITICAL,0.541141649490489,1.203703276967162,0.4923883095866344,13.340219873057709,1.0169357382115902,0.5666140868699375,0.16902084467233613
2026-01-01 01:10:21,8.77407455444336,pressure,13.488355455967753,temperature,1.592622760127646,CRITICAL,1.592622760127646,1.2903728472830944,0.0891344024322971,13.488355455967753,0.7381071007101386,0.623179242484338,0.2536897177665176
2026-01-01 01:10:22,10.05101203918457,pressure,14.270132214273572,voltage,1.2935893473499984,CRITICAL,1.0335315987336762,1.2935893473499984,0.7767191800708985,14.270132214273572,1.274097320380729,0.36867955030125515,0.35184855777742424
2026-01-01 01:10:23,8.00940227508545,pressure,13.570112705330061,temperature,1.8147946393679246,CRITICAL,1.8147946393679246,1.0421574224667414,1.2016834330275572,13.570112705330061,1.1673349133319268,0.9012273269984995,0.25665864179006564
2026-01-01 01:10:24,8.600884437561035,pressure,14.28307051615941,current,0.9728592487497519,CRITICAL,0.13451333308949168,0.10988666625037331,0.9728592487497519,14.28307051615941,0.76836437110209,0.49272842208453077,0.3486275497394411
2026-01-01 01:10:25,11.176972389221191,pressure,14.714870555604431,voltage,1.8322190686675954,CRITICAL,1.3829807381402053,1.8322190686675954,1.2388136263124272,14.714870555604431,0.48489632312171305,0.2051814004617179,0.3124346026821119
2026-01-01 01:10:26,10.404107093811035,pressure,14.58354529880965,temperature,2.2727292215418067,CRITICAL,2.2727292215418067,1.9053007314196917,0.0977685742751228,14.58354529880965,0.9383143545735845,0.8906876440200243,0.05436628604626465
2026-01-01 01:10:27,7.410238742828369,pressure,13.121214481786732,vibration,1.6144707219398649,CRITICAL,1.3189204544858906,0.5157539431348921,0.2550460158138777,13.121214481786732,1.6144707219398649,0.7244668034664499,0.3002051405509022
2026-01-01 01:10:28,7.732768535614014,pressure,13.959540706483825,temperature,1.225537271403277,CRITICAL,1.225537271403277,0.42474656770982294,0.9140479950882261,13.959540706483825,1.0188899625834393,0.23206607844449878,0.19765350182191918
2026-01-01 01:10:29,9.995820045471191,pressure,14.414314081497688,voltage,1.0985493907111583,CRITICAL,1.0498200295240825,1.0985493907111583,0.00023580488169563926,14.414314081497688,0.9668672394090264,0.2277256784240855,0.2728135093078006
2026-01-01 01:10:30,10.192102432250977,pressure,14.151734959533778,vibration,1.183528130084922,CRITICAL,0.010021057820412236,1.0588973002681714,0.2563791098152372,14.151734959533778,1.183528130084922,0.9566891747070427,0.23307697405320646
2026-01-01 01:10:31,9.501605033874512,pressure,14.419239719186814,temperature,1.9389446441764195,CRITICAL,1.9389446441764195,0.5472341199602181,1.5121158192590864,14.419239719186814,1.2102719215431466,1.1912370227543048,0.4290747039403237
2026-01-01 01:10:32,8.772825241088867,pressure,14.619597054723467,vibration,1.0730684769386751,CRITICAL,0.6440877633335829,0.1661150484333298,0.9961716373509829,14.619597054723467,1.0730684769386751,0.8122293696783365,0.2664871191713012
2026-01-01 01:10:33,9.41200828552246,pressure,14.172278465795111,temperature,1.3796536092112148,CRITICAL,1.3796536092112148,0.8987105308018197,0.47039895390860703,14.172278465795111,0.9027505077828849,0.3513617846791532,0.276341097559631
2026-01-01 01:10:34,10.517966270446776,pressure,14.445963992996537,voltage,1.0689149765861365,CRITICAL,0.018111516646276072,1.0689149765861365,0.3820559715659627,14.445963992996537,0.6335959590951792,0.1154612031657741,0.31013142162922075
2026-01-01 01:10:35,9.346213340759276,pressure,13.895039836001896,vibration,1.4804967002467098,CRITICAL,0.27146108752795806,1.1903860585459005,1.3039537373724448,13.895039836001896,1.4804967002467098,0.7990947450520709,0.13254214621019594
2026-01-01 01:10:36,9.53150749206543,pressure,14.399792901583526,temperature,1.9946735947572118,CRITICAL,1.9946735947572118,0.9356229439773451,1.0209806298833657,14.399792901583526,0.6665661362616866,0.02139727918456573,0.3098002217488113
2026-01-01 01:10:37,8.437430381774902,pressure,13.81064431924897,vibration,1.7875290603277234,CRITICAL,0.8208672558627825,0.5143037078400593,0.028440369526321348,13.81064431924897,1.7875290603277234,0.829865911922344,0.2197712842863278
2026-01-01 01:10:38,10.618685722351074,pressure,14.902302783059495,temperature,2.0077028292864814,CRITICAL,2.0077028292864814,1.3806331773379876,0.4807171393382594,14.902302783059495,0.9812502428515475,0.24149391840916426,0.18657496264068704
2026-01-01 01:10:39,9.815247535705566,pressure,14.774646680367931,current,2.1917641224163744,CRITICAL,0.9991112802355191,0.7491357350317113,2.1917641224163744,14.774646680367931,0.9172217778362458,0.24405792788028519,0.29057829899399956
2026-01-01 01:10:40,9.661361694335938,pressure,14.389224702453927,vibration,1.3093254753898473,CRITICAL,0.16248399872183572,0.3890099940678587,0.029280190764298462,14.389224702453927,1.3093254753898473,0.6581651634124911,0.13087059295379302
2026-01-01 01:10:41,11.09457778930664,pressure,16.141405896049925,temperature,1.6392012019557323,CRITICAL,1.6392012019557323,0.5854820900490079,1.2517397071468108,16.141405896049925,0.5055240052625974,0.03191666683409465,0.29809693809118204
2026-01-01 01:10:42,8.803415107727051,pressure,14.939264221897812,current,1.939231633696182,CRITICAL,0.6631291557621571,0.4811644492840202,1.939231633696182,14.939264221897812,1.1905964126107578,0.6775739034794223,0.22205757970571974
2026-01-01 01:10:43,10.156589317321778,pressure,15.337151397760918,temperature,1.5124215306339879,CRITICAL,1.5124215306339879,0.589055968850512,0.9907959299151001,15.337151397760918,0.9249642359327069,0.19301664649420178,0.2256712734750442
2026-01-01 01:10:44,10.788193511962891,pressure,14.825249526616895,voltage,1.1859751162904044,CRITICAL,1.0689448850191698,1.1859751162904044,0.47121505604094094,14.825249526616895,1.0846059278189109,0.24209655954881862,0.07730575667626602
2026-01-01 01:10:45,11.516503143310548,pressure,15.031044658082171,voltage,0.9501858196905151,CRITICAL,0.035842645434600834,0.9501858196905151,0.10248149205288015,15.031044658082171,0.46022721375519576,0.5532442735137884,0.2940568449807871
2026-01-01 01:10:46,12.742231178283692,pressure,15.558067562339676,voltage,1.7589334060421133,CRITICAL,1.1609628897346294,1.7589334060421133,0.11024321810137203,15.558067562339676,0.4477164763549108,1.5089951212224741,0.24864450695974544
2026-01-01 01:10:47,8.853711128234863,pressure,15.213840130118518,temperature,2.499852582410086,CRITICAL,2.499852582410086,0.5431551436936605,1.1584795731823054,15.213840130118518,0.20222725010844228,0.18469367974867193,0.19895114981777026
2026-01-01 01:10:48,11.293252944946287,pressure,15.489126709264502,current,1.9094961940979853,CRITICAL,1.377739929144118,1.0578295993525972,1.9094961940979853,15.489126709264502,0.5659836449600666,0.9668673678019019,0.16683080275758075
2026-01-01 01:10:49,12.647259712219238,pressure,16.05660212865532,voltage,1.2686941303538635,CRITICAL,1.0150780162571444,1.2686941303538635,0.62390454600434,16.05660212865532,0.5289619660864487,0.2398330912541174,0.28447161872127313
2026-01-01 01:10:50,12.42477035522461,pressure,15.295200632402722,voltage,2.3295703161311954,CRITICAL,1.7614810335218374,2.3295703161311954,0.514043874970519,15.295200632402722,0.4325353272653944,0.7328383485916593,0.2542057556937999
2026-01-01 01:53:22,1.8114289045333865,vibration,6.821709309241736,temperature,2.546783665721519,CRITICAL,2.546783665721519,0.6327588057332729,1.0708847567832784,0.7473154757383659,6.821709309241736,0.6105897150788022,0.5586466307990787
2026-01-01 01:53:23,8.279492378234863,vibration,13.967990865670028,rpm,0.6915549037723165,CRITICAL,0.10620673984561847,0.1415140911179333,0.4249502497970875,0.49879204119560244,13.967990865670028,0.6915549037723165,0.6169624491340719
2026-01-01 01:53:26,7.638031959533691,vibration,13.574207871537297,voltage,2.067314267770706,CRITICAL,1.589009548459145,2.067314267770706,1.3470260900590625,1.7109240445639236,13.574207871537297,1.0869437198303977,0.633210453361596
2026-01-01 01:53:27,1.4582009315490725,vibration,6.9343420948151095,pressure,1.6743194573663214,CRITICAL,0.5288833589031178,1.4858688067009194,0.41271897082091497,1.6743194573663214,6.9343420948151095,0.5558507367922223,0.6397787269848957
2026-01-01 01:53:29,0.9526709318161012,vibration,4.989163476754962,temperature,1.8418220586743999,HIGH,1.8418220586743999,0.36862697687187285,0.7443237426614953,0.9393847137207434,4.989163476754962,1.1575543389047567,0.4803716971842071
2026-01-01 01:53:33,6.213525772094727,vibration,15.553703795680729,temperature,2.3602638321422558,CRITICAL,2.3602638321422558,0.1141228374214917,0.10021640259533873,1.220810124722556,15.553703795680729,0.06502321412921,0.6932616383674018
2026-01-01 01:53:34,4.770878791809082,vibration,13.084761699717474,temperature,1.9077065982134092,CRITICAL,1.9077065982134092,0.12358865127124462,0.22617642898735976,1.675908953884641,13.084761699717474,1.333945127538235,0.6865219306363639
2026-01-01 01:53:36,1.903946042060852,vibration,6.489793335567499,temperature,2.2585595819115403,CRITICAL,2.2585595819115403,0.1500631149985909,0.36659566246228587,1.1060173208704165,6.489793335567499,1.6019435990223967,0.6983443489267182
2026-01-01 01:53:38,1.225304126739502,vibration,6.7443841199270285,rpm,1.2054334719299156,CRITICAL,0.9602952477523307,0.7551400001356117,0.14836357401842346,0.6275114063697864,6.7443841199270285,1.2054334719299156,0.619214175977404
2026-01-01 01:53:39,2.665976524353028,vibration,11.060777831783204,temperature,1.3141071070256631,CRITICAL,1.3141071070256631,1.0019756804642523,0.9305549998607128,0.6915170352640361,11.060777831783204,0.47261165153659473,0.6994321525382934
2026-01-01 01:53:40,7.777993202209473,vibration,13.527690953042802,rpm,1.4292254263612887,CRITICAL,0.35936101989010594,0.33121540359088303,0.3769670822478729,0.09984234832347869,13.527690953042802,1.4292254263612887,0.6172455226567287
2026-01-01 01:53:43,1.5934785604476929,vibration,10.469477988362057,pressure,1.625820796329369,CRITICAL,0.5773332894648241,0.1681736859469131,1.1349380604354724,1.625820796329369,10.469477988362057,1.1683297123012706,0.6982619151855953
2026-01-01 01:53:51,11.284624099731444,vibration,16.365818814747932,temperature,1.4141894414300629,CRITICAL,1.4141894414300629,1.0821255234944929,0.7013241199318112,1.273539452507727,16.365818814747932,0.0017618968919031253,0.6431469129217496
2026-01-01 01:53:53,1.1395961046218872,vibration,8.199816820852075,pressure,1.1681465214705034,CRITICAL,0.841113743581934,0.03314218830503125,0.4470254619884381,1.1681465214705034,8.199816820852075,0.6587226803224875,0.6029648974030538
2026-01-01 01:53:54,2.6296095848083496,vibration,8.310018652012296,voltage,0.9411670996387721,CRITICAL,0.6553404375108913,0.9411670996387721,0.006563723006595272,0.06270747885658055,8.310018652012296,0.4219770092188212,0.5663632328028946
2026-01-01 01:53:55,2.2362520694732666,vibration,9.277862719437541,pressure,1.727132664844453,CRITICAL,1.6815105156089678,0.6579602033552909,0.2979420127402168,1.727132664844453,9.277862719437541,0.107081840625778,0.5874271659011641
2026-01-01 01:53:57,6.105143070220947,vibration,16.07957448716078,temperature,2.0659027309957434,CRITICAL,2.0659027309957434,0.036787211004503835,0.7079221993548119,0.633021398545518,16.07957448716078,0.24990603309761472,0.6337960426257008
2026-01-01 01:53:58,0.944960355758667,vibration,9.689224858577418,temperature,1.2768108074631006,CRITICAL,1.2768108074631006,0.58897110287302,1.1401681411346754,1.2549329480006477,9.689224858577418,0.11484194297238737,0.6467028596765784
2026-01-01 01:54:00,2.3128020763397217,vibration,7.251821779405838,pressure,2.0172642736505857,CRITICAL,1.308020830607724,0.9704585805344043,0.7315008937214563,2.0172642736505857,7.251821779405838,0.4789940728461837,0.705720007437084
2026-01-01 01:54:04,2.2454354763031006,vibration,11.030822789990419,pressure,1.628030453040383,CRITICAL,0.7341657580847092,0.7119318087046779,0.9818079153966409,1.628030453040383,11.030822789990419,1.1532176297517938,0.7751098222468474
2026-01-01 01:54:07,3.5381267070770264,vibration,9.73186591108654,pressure,1.7065117385873911,CRITICAL,0.549195020045008,0.6611840803510463,1.235061194123303,1.7065117385873911,9.73186591108654,0.09697144178822932,0.7079663725910686
2026-01-01 01:54:09,4.626741409301758,vibration,13.309413251215126,rpm,1.7317955052109029,CRITICAL,1.50991489558813,0.9721654749721043,1.5184950835804687,0.1317907885543803,13.309413251215126,1.7317955052109029,0.795710954709951
2026-01-01 01:54:13,1.518330454826355,vibration,6.173715418552522,current,2.166668316917397,CRITICAL,1.9765194276366262,0.16047522147902415,2.166668316917397,1.054293116035499,6.173715418552522,1.4387555955030338,0.6718138988270997
2026-01-01 01:54:14,4.993739128112793,vibration,10.947878451493638,rpm,1.652085643606522,CRITICAL,0.8207215979745851,0.7535727748730914,1.225632998087811,0.9233746006586196,10.947878451493638,1.652085643606522,0.7106801271531437
2026-01-01 01:54:15,3.0065019130706787,vibration,8.936806702206917,rpm,1.4638276429468633,CRITICAL,0.2844410079795438,0.908733576658565,1.141778189721965,1.125925427852064,8.936806702206917,1.4638276429468633,0.6804558179090321
2026-01-01 01:54:19,2.965619802474976,vibration,8.942018072498561,pressure,1.3351432499272518,CRITICAL,0.22278733729631323,0.8995901305237866,1.2294957765464267,1.3351432499272518,8.942018072498561,1.1498738078002995,0.7995921663595508
2026-01-01 01:54:22,1.5675984621047974,vibration,8.179368452749129,rpm,1.548812995171078,CRITICAL,0.47181636423194984,0.5130844471604645,0.8782813961138752,1.1915234356255235,8.179368452749129,1.548812995171078,0.6988803002661822
2026-01-01 01:54:23,1.290564775466919,vibration,8.573565326046745,pressure,1.2949585706658122,CRITICAL,0.6285148452351061,0.28053015052500535,0.1748734373626515,1.2949585706658122,8.573565326046745,0.3442370028827798,0.5447837826953632
2026-01-01 01:54:24,2.35349702835083,vibration,7.816964693547424,pressure,2.329856804924273,CRITICAL,0.8009099716993464,0.008865649326054088,0.7928665572617791,2.329856804924273,7.816964693547424,0.18033596902672394,0.607586984468958
2026-01-01 01:54:25,6.6769609451293945,vibration,12.886174998042124,current,1.687775664133351,CRITICAL,0.10987334165477006,0.8302594012464264,1.687775664133351,1.0278724039230709,12.886174998042124,0.38233293288817183,0.7711416422073907
2026-01-01 01:54:27,4.120169639587402,vibration,10.074776420075642,temperature,1.3111082447055558,CRITICAL,1.3111082447055558,0.18525249964245016,0.8438980712698526,0.9259108854708865,10.074776420075642,0.5922767609471289,0.6854232582816845
2026-01-01 01:54:31,8.650218963623047,vibration,14.335607718072946,pressure,1.8895922143644583,CRITICAL,0.32275418919570814,0.055740831257793964,1.0391440204075946,1.8895922143644583,14.335607718072946,0.29488081341505723,0.740549227956455
2026-01-01 01:54:33,7.745966911315918,vibration,13.796325570837954,pressure,1.5409835656029092,CRITICAL,1.0526529933986222,1.3244799516411427,0.24329234763646482,1.5409835656029092,13.796325570837954,1.157543920386456,0.7970721138648156
2026-01-01 01:54:34,10.624378204345703,vibration,21.37365645525257,temperature,1.635734633128609,CRITICAL,1.635734633128609,1.1257650558737458,0.3352453211754701,1.5970671706008897,21.37365645525257,0.6438308708407758,0.6473999970532978
2026-01-01 01:54:35,2.672937393188477,vibration,8.060166365517777,temperature,1.3355753988194365,CRITICAL,1.3355753988194365,0.21408015263505137,1.1335267552207757,0.17955778734846342,8.060166365517777,1.1170798450540038,0.6420246014801824
2026-01-01 01:54:39,5.074739933013916,vibration,15.62853103431124,pressure,1.8133174038923754,CRITICAL,1.796515190485026,0.5196295323589895,1.080888375997233,1.8133174038923754,15.62853103431124,1.10613290368235,0.768514832966118
2026-01-01 01:54:42,6.325727939605713,vibration,12.050070847841067,rpm,2.1619060024525703,CRITICAL,1.190036707623237,0.1494324565607875,0.2529905368276059,1.7894540344807859,12.050070847841067,2.1619060024525703,0.5879780828944977
2026-01-01 01:54:46,3.687719583511353,vibration,9.020815430945671,temperature,1.66256603163776,CRITICAL,1.66256603163776,0.9473840467359367,0.489376131150497,0.2155650274468886,9.020815430945671,1.0050871081001178,0.4419169966382872
2026-01-01 01:54:49,0.9934507012367249,vibration,5.5645475557389315,rpm,2.2214785529357917,CRITICAL,0.7384965063421868,0.9986361505154827,1.4898325484738653,1.1302589261678553,5.5645475557389315,2.2214785529357917,0.6931950507500227
2026-01-01 01:54:51,3.175667762756348,vibration,8.980704905704675,current,1.729475825571267,CRITICAL,1.660662319582005,0.7493296328826826,1.729475825571267,0.30216735594859867,8.980704905704675,0.6193071404417183,0.7733366198396009
2026-01-01 01:54:55,2.896749258041382,vibration,11.84480134756654,pressure,2.341178160164449,CRITICAL,0.9986873010287168,0.8793111383792713,0.9282063036153314,2.341178160164449,11.84480134756654,1.3374533494030731,0.6762897639819316
2026-01-01 01:55:00,2.5772862434387207,vibration,12.715222571669397,current,1.333962688000813,CRITICAL,0.00668913594580162,0.5766192633129616,1.333962688000813,1.0962472660109785,12.715222571669397,0.6925380822846724,0.663511684327471
2026-01-01 01:58:16,1.0588972568511963,pressure,2.5647163260547208,current,2.4070831628461535,MEDIUM,2.386710901695299,0.18063008139844836,2.4070831628461535,2.5647163260547208,0.8504599300041183,1.8709295678932092,0.7557929523084048
2026-01-01 01:58:34,0.8574553728103638,rpm,3.2024393275137495,pressure,1.6498387253079558,HIGH,1.393730280703641,0.3025105627400966,0.5798652645456774,1.6498387253079558,1.4137914196958319,3.2024393275137495,0.745975174876056
2026-01-01 01:59:20,1.097009539604187,rpm,3.2952865635863007,vibration,1.385745923449743,HIGH,1.0707737793342886,0.3659869465310608,0.47596841552901414,0.09900965039439251,1.385745923449743,3.2952865635863007,0.7054635224372046
2026-01-01 02:10:00,9.081457138061523,temperature,11.625850798840645,current,6.5741161837618955,CRITICAL,11.625850798840645,0.202378744539795,6.5741161837618955,0.5276845867849121,3.977064253455594,1.538257053047859,1.0213722492294905
2026-01-01 02:10:01,7.009061336517334,temperature,11.729222022199435,current,6.214756880312941,CRITICAL,11.729222022199435,0.5554632815971396,6.214756880312941,0.32177281567793536,2.653779573381977,0.3061507716351137,0.950753167192347
2026-01-01 02:10:02,7.957211494445801,temperature,11.654877095606148,current,5.554834860609366,CRITICAL,11.654877095606148,0.8284291754076871,5.554834860609366,0.317075140993082,3.6694484586445335,1.0779389123281942,0.9402656704626056
2026-01-01 02:10:03,8.905938148498535,temperature,12.307917508242578,current,5.284349486028855,CRITICAL,12.307917508242578,0.456568726639056,5.284349486028855,0.5012317307898557,2.96136177899494,0.7654967193533393,0.879168104050324
2026-01-01 02:10:04,7.040304660797119,temperature,12.07791761318072,current,6.536419455347352,CRITICAL,12.07791761318072,1.0347447031130026,6.536419455347352,0.9096230161815997,2.913950450726929,0.7479904102341797,1.0777774313422752
2026-01-01 02:10:05,6.937793731689453,temperature,11.82010194315752,current,4.961678444096593,CRITICAL,11.82010194315752,1.27753781760685,4.961678444096593,0.5400854152765064,3.0046944565822304,1.3659171072341465,1.05380559405989
2026-01-01 02:10:06,8.420910835266113,temperature,12.470221765884828,current,6.290155583442828,CRITICAL,12.470221765884828,0.6576132765643218,6.290155583442828,0.45710159770841546,3.3878395427731034,1.2305639251819944,0.9940723709735382
2026-01-01 02:10:07,10.59492015838623,temperature,13.325855712168003,current,6.672450566223796,CRITICAL,13.325855712168003,1.2678158645870639,6.672450566223796,0.27667320499212883,3.6783188308171315,2.491346036670182,0.9004340499230624
2026-01-01 02:10:08,9.867313385009766,temperature,13.273002913341681,current,6.470736860643656,CRITICAL,13.273002913341681,0.5674349279356534,6.470736860643656,0.0845149244031684,3.6330181268514723,1.0587648454031402,0.9679419927212983
2026-01-01 02:10:09,6.420724868774414,temperature,10.928526239853019,current,5.817912032586836,CRITICAL,10.928526239853019,0.33004973633026463,5.817912032586836,0.7178387348214595,3.2621093574272573,0.6300128405317044,0.9911917107626377
2026-01-01 02:10:10,8.919283866882324,temperature,12.578029461934333,current,5.222281706247128,CRITICAL,12.578029461934333,0.013152607070702317,5.222281706247128,0.8692414327046027,3.7802020665248506,0.9865411551846138,0.9142875515975231
2026-01-01 02:10:11,9.4119873046875,temperature,12.083013313472307,current,6.505886008791136,CRITICAL,12.083013313472307,0.20353124389645647,6.505886008791136,0.5908461146918529,4.372678737930356,1.296585020803207,1.026593694879939
2026-01-01 02:10:12,7.085527420043945,temperature,12.30505884850212,current,6.93679936081239,CRITICAL,12.30505884850212,0.8411561260266518,6.93679936081239,1.5563990551028695,3.3520039164388584,0.7541295424642327,0.9187671595188353
2026-01-01 02:10:13,8.782657623291016,temperature,11.942983985722242,current,5.7034664074755375,CRITICAL,11.942983985722242,0.22033335019289838,5.7034664074755375,0.33776964030970985,3.4708086720872013,1.613253122637232,0.8800702998121444
2026-01-01 02:10:14,7.6641845703125,temperature,12.285475890076759,current,6.4594487557842735,CRITICAL,12.285475890076759,0.2223533965172614,6.4594487557842735,1.5024087623012916,3.0704649600662246,1.689819442675943,1.0107676452131493
2026-01-01 02:10:15,7.9314422607421875,temperature,12.310399372925215,current,7.2119383005486055,CRITICAL,12.310399372925215,0.3321413216320366,7.2119383005486055,0.8361704437948773,3.1926049816019755,0.6620865015725683,1.107523074926505
2026-01-01 02:10:16,7.180647373199463,temperature,11.831872691915846,current,6.348632779342379,CRITICAL,11.831872691915846,0.8807474725030847,6.348632779342379,0.770112901697166,4.1159538228070405,0.6278148794620233,0.9908342437793459
2026-01-01 02:10:17,6.304116725921631,temperature,11.625456981248195,current,5.83882968524987,CRITICAL,11.625456981248195,1.2526983832966125,5.83882968524987,1.286660690785067,4.120166488085658,0.6746978983469852,0.8877181342075388
2026-01-01 02:10:18,8.460368156433105,temperature,11.923166853237644,current,6.844576887286867,CRITICAL,11.923166853237644,0.2050809469317731,6.844576887286867,0.3165637401798883,3.295451505709914,1.2035959750991787,0.9675059262249565
2026-01-01 02:10:19,7.075647830963135,temperature,12.375933757005274,current,5.607753416554939,CRITICAL,12.375933757005274,1.710836616199711,5.607753416554939,0.5025219075285772,3.683916958441278,0.29907098254482894,1.096912267530953
2026-01-01 02:10:20,9.704622268676758,temperature,12.619076481988483,current,5.220095704854588,CRITICAL,12.619076481988483,0.725385479926366,5.220095704854588,0.05405942417357537,3.925226898937604,1.7414980771365043,0.9145745184320292
2026-01-01 02:10:21,7.26796817779541,temperature,12.789528598372756,current,6.695017708020347,CRITICAL,12.789528598372756,2.2836651090996813,6.695017708020347,1.2956014891170078,3.1531171903142874,1.2056602767750884,0.9477036634572432
2026-01-01 02:10:22,6.343011379241943,temperature,11.904591619836609,current,5.84868070971317,CRITICAL,11.904591619836609,1.4496702788467928,5.84868070971317,0.9229682552204356,2.6673584575859235,0.5280945645472841,0.9339503058873998
2026-01-01 02:10:23,6.914441108703613,temperature,12.420153024755383,current,5.9145032944235565,CRITICAL,12.420153024755383,1.1332933115278236,5.9145032944235565,1.4007136311844164,3.791555095230088,0.4568592112200817,0.9250908704864368
2026-01-01 02:10:24,10.289274215698242,temperature,12.870276155008023,current,5.701384557839129,CRITICAL,12.870276155008023,0.21742672873835997,5.701384557839129,0.8449924589772977,3.907431280693303,1.518816634633836,1.041106616690322
2026-01-01 02:10:25,7.801145076751709,temperature,13.007103911268402,current,5.812204018760661,CRITICAL,13.007103911268402,0.058878163380356514,5.812204018760661,1.4075739259687077,3.8236634106315157,0.37414729533759256,0.9309167897320378
2026-01-01 02:10:26,8.141820907592773,temperature,12.203429027300256,current,7.123584018908232,CRITICAL,12.203429027300256,0.9043382357852767,7.123584018908232,0.2540742767148379,3.1894007601422056,1.1044304918510595,1.0489078668277585
2026-01-01 02:10:27,8.25679874420166,temperature,12.099719831176461,current,7.307891405520961,CRITICAL,12.099719831176461,0.025192667489395974,7.307891405520961,1.3388346223966348,4.258753939424093,0.9638942238867979,1.086263906899862
2026-01-01 02:10:28,8.813021659851074,temperature,12.374336556453885,current,7.403669937971115,CRITICAL,12.374336556453885,0.08564238714765965,7.403669937971115,0.47582832742566866,3.559601147981431,0.38665463181724,1.0622579021050853
2026-01-01 02:10:29,6.562021732330322,temperature,11.494077709611952,current,6.915597857410873,CRITICAL,11.494077709611952,0.6274837112159933,6.915597857410873,0.7275611746453954,2.751701539958733,0.015073686126209403,0.9575497077664135
2026-01-01 02:10:30,6.5034284591674805,temperature,12.127216520350995,current,6.48402900567066,CRITICAL,12.127216520350995,1.4604055542021062,6.48402900567066,1.1825057721331016,2.4984656838483152,0.9849393570543361,1.0339691348339806
2026-01-01 02:10:31,6.65369176864624,temperature,12.748596715195708,current,5.163635908433637,CRITICAL,12.748596715195708,0.6542011547111019,5.163635908433637,2.1829304639502247,3.2307707730612005,0.26375640527800426,0.9041978222683987
2026-01-01 02:10:32,8.036645889282227,temperature,12.684245742589983,current,6.0350635893701945,CRITICAL,12.684245742589983,0.5762848161154646,6.0350635893701945,1.2432739582490469,3.5250505597267097,1.3239421672258525,0.9294735715539584
2026-01-01 02:10:33,6.744387149810791,temperature,12.086531859604285,current,7.67319092839025,CRITICAL,12.086531859604285,1.3483084926459463,7.67319092839025,1.303897887157229,3.2358759728178814,0.055494627694386414,0.9602302947279063
2026-01-01 02:10:34,9.04526138305664,temperature,12.411393795217808,current,5.869053993376088,CRITICAL,12.411393795217808,0.25319120276640145,5.869053993376088,0.3942413136848175,4.522627328773461,1.0049248551766516,0.9118282744318021
2026-01-01 02:10:35,7.60756778717041,temperature,11.727998277956809,current,7.232123947245314,CRITICAL,11.727998277956809,0.309968253519675,7.232123947245314,0.8345216091036122,3.6263801370781414,0.8269036690563442,1.0885713827518118
2026-01-01 02:10:36,8.782404899597168,temperature,12.738252177256285,current,6.218235669885171,CRITICAL,12.738252177256285,0.1943273516811811,6.218235669885171,0.6783768534607788,2.8500423347452877,1.25781703580844,0.9417570686730181
2026-01-01 02:10:37,6.451541900634766,temperature,12.2269273323472,current,4.315967511583899,CRITICAL,12.2269273323472,0.3049660649772821,4.315967511583899,1.6188627963853437,2.1188863996071503,0.8933017055157996,0.9684970099964237
2026-01-01 02:10:38,9.299009132385256,temperature,12.099875808042714,current,6.633579738693622,CRITICAL,12.099875808042714,0.005786428988874329,6.633579738693622,0.6505734166990221,3.532276988284246,1.509482216160113,1.096397947556759
2026-01-01 02:10:39,7.692091751098633,temperature,12.046887844648891,current,7.073504266058854,CRITICAL,12.046887844648891,0.6122842961733956,7.073504266058854,1.5729070551330777,3.9580571934025355,1.0766126378789123,1.0585423290996805
2026-01-01 02:10:40,9.541331100463868,temperature,12.247335180520292,current,6.159990892994815,CRITICAL,12.247335180520292,0.3491942129040401,6.159990892994815,0.0675773228732733,4.4521037605610525,1.0260583426478893,1.0201337398663006
2026-01-01 02:10:41,7.381090450286865,temperature,11.997278218504274,current,7.057563198829247,CRITICAL,11.997278218504274,0.7557931776709506,7.057563198829247,1.620186642492689,3.2876785860902342,1.7245417583423166,1.0224554654621667
2026-01-01 02:10:42,9.517235565185548,temperature,12.72962328925967,current,5.0384388765726165,CRITICAL,12.72962328925967,0.8805024343194061,5.0384388765726165,0.2107142282756334,4.373845364884158,1.410651597441684,1.0127023858131532
2026-01-01 02:10:43,9.01513080596924,temperature,12.039223976472918,current,5.238903364828543,CRITICAL,12.039223976472918,0.4354100554217441,5.238903364828543,1.2833809033535883,2.6373531417372416,2.405110197321424,1.0529734318679291
2026-01-01 02:10:44,9.09221363067627,temperature,13.352904791818542,current,6.351554133448075,CRITICAL,13.352904791818542,1.8713839238911243,6.351554133448075,0.21228212072100555,3.210868491718132,1.8479455394463074,0.9084400268048073
2026-01-01 02:10:45,9.227445602416992,temperature,13.272465897991891,current,6.545067889731321,CRITICAL,13.272465897991891,0.12593805004551326,6.545067889731321,1.139706704222926,2.833941110258561,1.0519013798787582,1.0961199570152076
2026-01-01 02:10:46,7.635925769805908,temperature,11.723456219539159,current,7.162001176424584,CRITICAL,11.723456219539159,0.8937424646826516,7.162001176424584,0.1543109822618357,3.8540098437900197,0.4202972348057157,1.094435243100346
2026-01-01 02:10:47,6.926515579223633,temperature,12.360588110315808,current,6.665294924215477,CRITICAL,12.360588110315808,0.9793231404042317,6.665294924215477,1.404142115342687,2.674956364756672,1.2768930492960178,1.0766597899297874
2026-01-01 02:10:48,7.416055679321289,temperature,11.889804893544957,current,5.391195839392432,CRITICAL,11.889804893544957,0.2856146784904472,5.391195839392432,1.2864171023434048,3.6367583441021947,1.0657962800602077,1.0558028597387763
2026-01-01 02:10:49,7.0047712326049805,temperature,12.107151883766631,current,6.375793632075759,CRITICAL,12.107151883766631,1.4786642436649242,6.375793632075759,0.38529661878717386,2.7114546915471434,0.2920148331527351,1.0615337978007768
2026-01-01 02:10:50,8.786844253540039,temperature,13.645595650066921,current,6.649872912935366,CRITICAL,13.645595650066921,1.0157921093522664,6.649872912935366,1.1229475481330766,4.404775769568105,0.5064857361479824,0.896665117202893
2026-01-01 02:10:51,6.419594764709473,temperature,12.127560467358586,current,4.927874506108904,CRITICAL,12.127560467358586,1.035534384455417,4.927874506108904,1.3552166995146826,3.2042038805900894,0.516892905502206,1.058436458710559
2026-01-01 02:10:52,8.827400207519531,temperature,12.571517451745047,current,6.208116625442517,CRITICAL,12.571517451745047,0.6039615365542232,6.208116625442517,0.18883856811474875,3.6303080551914544,0.97247244100312,1.021710811464025
2026-01-01 02:10:53,8.297991752624512,temperature,12.694837782283345,current,6.008340848465923,CRITICAL,12.694837782283345,0.9990410898406383,6.008340848465923,0.1213819197885946,2.4103638358666504,1.3694292641855255,1.100807529871254
2026-01-01 02:10:54,9.109212875366213,temperature,11.68294060512874,current,5.789640428352652,CRITICAL,11.68294060512874,0.6464344626686536,5.789640428352652,0.09973733269187716,2.57823408831467,0.7946742822906785,1.0463998972159685
2026-01-01 02:10:55,9.159135818481444,temperature,11.782896894146646,current,6.597770554368555,CRITICAL,11.782896894146646,0.7831078163393699,6.597770554368555,0.012906264376866719,2.9872545513012576,0.21933785801944558,0.9728362006524645
2026-01-01 02:10:56,6.328339099884033,temperature,11.555786475612033,current,5.452158232836069,CRITICAL,11.555786475612033,1.8220598717908008,5.452158232836069,0.1000233251157637,3.905342614792203,0.12087347668647348,0.9677201309343496
2026-01-01 02:10:57,6.616054534912109,temperature,11.770791350426979,current,6.548361663806407,CRITICAL,11.770791350426979,0.06658066342784087,6.548361663806407,1.3509355096276685,3.79976667153757,0.5089349077935275,0.9470998041753108
2026-01-01 02:10:58,6.28459358215332,temperature,10.480913244146512,current,6.651673739631816,CRITICAL,10.480913244146512,0.15099245628130464,6.651673739631816,1.1234565710077382,4.0426553293451155,0.06142497499741413,1.0842630996237315
2026-01-01 02:10:59,10.025763511657717,temperature,12.721696136843684,current,7.021128278216883,CRITICAL,12.721696136843684,0.061680220410690295,7.021128278216883,0.2821522517607186,2.581712169284268,1.0280046057388919,1.0622220601456471
2026-01-01 02:11:00,10.310715675354004,temperature,13.72055435037455,current,5.485980811001756,CRITICAL,13.72055435037455,0.879016525699134,5.485980811001756,0.45985753508724964,3.7216449435963304,1.8386742756752963,0.9596328345715763
2026-01-01 02:11:01,8.422891616821289,temperature,12.468779899361152,current,5.22365821887661,CRITICAL,12.468779899361152,0.5933593024820699,5.22365821887661,0.05708406632668035,3.1228105647330224,0.6668946553842646,1.0180935037815362
2026-01-01 02:11:02,6.013789176940918,temperature,11.44255503578523,current,6.471647065890192,CRITICAL,11.44255503578523,0.9347494111868336,6.471647065890192,1.3195122766724685,2.985699490671446,0.3463043480213474,1.0209434660206689
2026-01-01 02:11:03,8.571020126342773,temperature,11.956507281201018,current,6.081497527168721,CRITICAL,11.956507281201018,0.7078194886212774,6.081497527168721,0.5024576236678786,3.141421812763508,2.719067662235261,0.9763747422389869
2026-01-01 02:11:04,9.236712455749512,temperature,12.082030197278147,current,8.309055976361154,CRITICAL,12.082030197278147,1.2441886986822435,8.309055976361154,0.17949302525715996,3.3817668320162695,2.0217742257562104,0.9486544994533117
2026-01-01 02:11:05,7.70818567276001,temperature,11.718308053195422,current,6.608742211395866,CRITICAL,11.718308053195422,0.493340637382217,6.608742211395866,0.8926288517090902,3.8233980747931176,1.3582180582935397,1.0660368483937246
2026-01-01 02:11:06,8.225077629089355,temperature,12.959919585088935,current,6.3335740885117575,CRITICAL,12.959919585088935,1.4382984017147584,6.3335740885117575,1.1666400027768775,4.087056997083883,1.561790588053736,1.0253099064109963
2026-01-01 02:11:07,10.393963813781738,temperature,12.93147909408209,current,6.176503658375414,CRITICAL,12.93147909408209,0.5457431694022853,6.176503658375414,0.19408820090872111,3.7510539943301255,2.1085375561895146,1.0267707677630427
2026-01-01 02:11:08,6.732654094696045,temperature,11.640827374184735,current,5.451682377129259,CRITICAL,11.640827374184735,1.2587978021963877,5.451682377129259,0.6257134844437066,3.81776760002775,0.8166286430709819,1.0857208926872666
2026-01-01 02:11:09,9.330976486206056,temperature,12.88435314962477,current,6.698237197330766,CRITICAL,12.88435314962477,0.2619320424296304,6.698237197330766,0.22926054515930688,4.492276940732999,0.25772871045290524,0.9984969699646958
2026-01-01 02:11:10,8.529316902160645,temperature,13.417127483786608,current,6.253897921496316,CRITICAL,13.417127483786608,0.8642019433985185,6.253897921496316,1.5709888852583254,3.860911061611341,1.1874834668274796,1.0567503815672807
2026-01-01 02:11:11,11.195274353027344,temperature,13.669265707259518,current,6.258527665480975,CRITICAL,13.669265707259518,0.19881440390235625,6.258527665480975,0.5264797104483628,3.3509270529465036,2.1445732916117004,1.0202356206190293
2026-01-01 02:11:12,12.325300216674805,temperature,14.30812589096449,current,6.383052665900979,CRITICAL,14.30812589096449,0.34433542880848306,6.383052665900979,0.3466656362773975,3.803048981586477,0.9323622155990174,0.9753839583287397
2026-01-01 02:11:13,10.155560493469238,temperature,11.830688846106806,current,6.475523934440179,CRITICAL,11.830688846106806,0.6941322939227793,6.475523934440179,0.7668574818253728,4.442270904828722,1.788413843697853,1.0020246674615823
2026-01-01 02:11:14,9.223796844482422,temperature,14.290414485340355,current,5.112598331293422,CRITICAL,14.290414485340355,2.114771163671953,5.112598331293422,0.670857826445405,2.9924071226995346,1.7232012387162374,1.082149516146619
2026-01-01 02:11:15,7.010140895843506,temperature,12.200960306330241,current,6.913114144568263,CRITICAL,12.200960306330241,0.9550659976972805,6.913114144568263,1.2318523271330968,3.2443150014122404,0.4446689892253678,1.0071904906675493
2026-01-01 02:11:16,6.875823020935059,temperature,12.048702109993268,current,5.743364204285586,CRITICAL,12.048702109993268,0.5893852976327145,5.743364204285586,1.5627695625673732,4.309328232364398,0.28900830698595437,1.0120234763408693
2026-01-01 02:11:17,8.272035598754883,temperature,12.659302139256766,current,6.241460860169656,CRITICAL,12.659302139256766,0.06505534152678516,6.241460860169656,1.5690249936387073,3.3319961540306866,1.2575930461101321,1.0606937700150516
2026-01-01 02:11:18,7.522979736328125,temperature,12.065087717642474,current,7.238498600234941,CRITICAL,12.065087717642474,1.503488352256108,7.238498600234941,0.5681061256086021,3.9311999850384374,0.5950593002967313,1.0818828012542716
2026-01-01 02:11:19,8.805399894714355,temperature,12.716310006487062,current,7.586794793309773,CRITICAL,12.716310006487062,1.0441315507025932,7.586794793309773,0.9985731992592602,4.231621339675922,1.7688765093950962,1.0120078874904752
2026-01-01 02:11:20,6.223980903625488,temperature,11.588482260669663,current,5.164430653020886,CRITICAL,11.588482260669663,0.28142818995892105,5.164430653020886,1.7389485191807812,2.800973947926486,0.7274789496831247,1.1194426688878523
2026-01-01 02:11:21,7.434804916381836,temperature,12.305792056983636,current,6.375435885228259,CRITICAL,12.305792056983636,0.3094824345633548,6.375435885228259,1.7644897006838964,3.283506753580529,1.3213220029179518,1.0970574912021596
2026-01-01 02:11:22,11.63116455078125,temperature,13.315012910167308,current,6.548836338984237,CRITICAL,13.315012910167308,0.10657136081357702,6.548836338984237,0.26569591231832196,4.19795371953563,1.9338248727199927,1.112271860161445
2026-01-01 02:11:23,8.90685749053955,temperature,12.435316779303276,current,5.311553384626115,CRITICAL,12.435316779303276,0.05845519566617488,5.311553384626115,1.183852725941256,3.452093727047434,1.6624141651657942,1.1076917511149038
2026-01-01 02:11:24,7.682759284973144,temperature,12.571153803260156,current,6.926592583091959,CRITICAL,12.571153803260156,0.12720874551665082,6.926592583091959,1.0797977160668202,2.389918818853069,0.8069118820119591,1.0574248063685385
2026-01-01 02:11:25,8.631213188171387,temperature,12.795968634787823,current,6.452248914493327,CRITICAL,12.795968634787823,0.22317826593937642,6.452248914493327,1.3954496214446115,3.245706400204027,2.0360665186546205,0.9513913308950959
2026-01-01 02:11:26,8.887206077575684,temperature,13.259147947561393,current,6.510804076167822,CRITICAL,13.259147947561393,0.3143477237757142,6.510804076167822,1.5949940293572276,3.9864290164257206,1.2573908290290743,0.9823669021474593
2026-01-01 02:11:27,7.888352870941162,temperature,11.40230841467832,current,5.739868213689703,CRITICAL,11.40230841467832,0.10458295790722366,5.739868213689703,0.17004278792103775,4.263446233753707,0.3804767193542846,0.9478604607657195
2026-01-01 02:11:28,8.416085243225098,temperature,12.883053594888688,current,6.6718324505351845,CRITICAL,12.883053594888688,1.8756418289755694,6.6718324505351845,0.3902226606356836,3.5775059400675198,1.3954992138409503,1.06791279181768
2026-01-01 02:11:29,10.173819541931152,temperature,12.326350835809476,current,6.9726895066994725,CRITICAL,12.326350835809476,0.7113038743480623,6.9726895066994725,1.3895992184337604,3.8270105450450234,2.0772628664018358,1.1649260676477067
2026-01-01 02:11:30,7.57602596282959,temperature,12.617920922843233,current,6.48125292305714,CRITICAL,12.617920922843233,1.8457936385267166,6.48125292305714,0.9167995177397062,3.3514873157748237,1.2560666733609533,1.0676758833178928
2026-01-01 02:11:31,9.628545761108398,temperature,13.211629123986228,current,6.038423514445397,CRITICAL,13.211629123986228,1.0742616617068022,6.038423514445397,0.5647900415393428,4.074491685641427,0.636062583270787,0.9489314293030192
2026-01-01 02:11:32,9.318214416503906,temperature,11.731626864422182,current,6.097026987463395,CRITICAL,11.731626864422182,0.48910725464948146,6.097026987463395,0.21310241588969733,4.374487735693342,1.9201324187105453,1.054296908496917
2026-01-01 02:11:33,7.568837165832519,temperature,11.856428497160199,current,6.559092649774823,CRITICAL,11.856428497160199,0.12812888802089434,6.559092649774823,1.2423944047564934,4.009667981376675,0.30574888393416183,1.0289783356993127
2026-01-01 02:11:34,5.62150764465332,temperature,11.253655605555956,current,6.443769110220588,CRITICAL,11.253655605555956,2.3736828617492685,6.443769110220588,1.3540516531945181,3.5155788937567554,0.5814608079742019,1.0426362521665549
2026-01-01 02:11:35,8.95881462097168,temperature,12.172259363611602,current,7.045007979335702,CRITICAL,12.172259363611602,0.34432734127302633,7.045007979335702,0.011007383337938553,3.8328968299612227,0.8503236964214151,0.9800159283266873
2026-01-01 02:11:36,9.461185455322266,temperature,13.415918766799736,current,6.0835574500276,CRITICAL,13.415918766799736,0.21906775442102477,6.0835574500276,1.5192717743516013,4.131179661494791,0.7029768703788322,0.9711799871587461
2026-01-01 02:11:37,9.63173770904541,temperature,12.465188262260623,current,5.573235229018648,CRITICAL,12.465188262260623,0.36015325386554725,5.573235229018648,0.7113133361095532,3.615673887183981,0.995820304436019,1.1357997625236056
2026-01-01 02:11:38,7.900794982910156,temperature,11.666997417495175,current,6.677770157755189,CRITICAL,11.666997417495175,0.792181357243428,6.677770157755189,0.19741832361141995,4.057619098184304,0.8615142411362648,1.1969720308360106
2026-01-01 02:11:39,8.337759017944336,temperature,12.235301782509522,current,6.098581556892487,CRITICAL,12.235301782509522,0.5183502064053541,6.098581556892487,0.4873921537600598,3.8211878005162063,1.0325746814242973,0.9843327854498379
2026-01-01 02:11:40,7.853528022766113,temperature,11.580367095309697,current,6.982407146071706,CRITICAL,11.580367095309697,0.7306205737577024,6.982407146071706,0.07518245213242575,4.419070972274321,0.5054854365130088,1.0445697396044493
2026-01-01 02:14:34,0.8705979585647583,vibration,1.6232401642975567,pressure,1.4860814152142192,LOW,0.8891451742902335,0.2074261784196628,0.737979267867953,1.4860814152142192,1.6232401642975567,1.2383211067176192,1.3023417173660357
2026-01-01 02:15:18,0.8632634282112122,pressure,2.020178629392378,voltage,1.5542367542001634,MEDIUM,0.5616438860526929,1.5542367542001634,1.03697569256269,2.020178629392378,0.8933379999202297,0.20577829607632966,1.0624580540971733
2026-01-01 02:15:20,0.8649548888206482,pressure,1.8694384644829223,temperature,1.4756171304067303,LOW,1.4756171304067303,0.8546033038883933,1.4672001402061647,1.8694384644829223,1.1076681194468754,0.683940117465936,0.9939777172623129
2026-01-01 02:15:50,0.8598955869674683,vibration,2.10429760530015,pressure,1.9908857626841128,MEDIUM,1.1626678435555224,0.3752916674762326,0.43323811843003185,1.9908857626841128,2.10429760530015,0.3570663126127362,1.1823268362093085
2026-01-01 02:15:55,1.146625864505768,vibration,2.089415287159752,pressure,1.6393718665788442,MEDIUM,0.6193952449618312,0.730252724872041,0.8370428138784455,1.6393718665788442,2.089415287159752,0.18422308971866397,1.0849881527976215
2026-01-01 02:16:37,1.268607497215271,pressure,2.5984919283834174,vibration,2.4721813478890597,MEDIUM,2.365513517063696,0.4488319782607838,1.68046914773816,2.5984919283834174,2.4721813478890597,1.0417820995154177,1.1609243676832244
2026-01-01 02:16:41,0.9820173978805542,temperature,1.8199485679510905,vibration,1.7059862070120542,LOW,1.8199485679510905,0.6195893780075193,1.589844515435409,1.312412647355113,1.7059862070120542,0.32951636340360474,1.06965874222172
2026-01-01 02:17:28,1.1344703435897827,temperature,3.2781839000641146,battery,1.2829943526463086,HIGH,3.2781839000641146,0.2115515145414646,0.4420473622083721,1.206756926049727,1.0421266430531837,1.085217905200509,1.2829943526463086
2026-01-01 02:18:06,0.9760074615478516,pressure,2.0191192565133766,voltage,1.757155217446731,MEDIUM,1.1248043269111547,1.757155217446731,1.078651038471503,2.0191192565133766,0.2829832815001587,0.4635727866268801,1.145213596394674
2026-01-01 02:18:11,0.9771456122398376,temperature,2.473322617913833,current,1.1646999378457947,MEDIUM,2.473322617913833,0.8203269989953947,1.1646999378457947,1.0086732232282263,0.8111753948169521,0.8987827367537987,1.1405919396979154
2026-01-01 02:18:16,0.9249361157417296,temperature,2.3083223439563008,current,1.328762978611824,MEDIUM,2.3083223439563008,0.642231167191311,1.328762978611824,0.9358495544170253,0.6991610101183108,0.5491539462268441,1.198125476013492
2026-01-01 02:18:27,0.8787394762039185,temperature,2.2436368117697416,pressure,1.8554847385682651,MEDIUM,2.2436368117697416,0.427322034792088,0.724461444404077,1.8554847385682651,0.6814480857854249,0.5900495047208035,1.2253905982027504
2026-01-01 02:20:06,0.8586101531982422,temperature,1.9332494508384988,voltage,1.8884244615721633,LOW,1.9332494508384988,1.8884244615721633,1.5626795046263386,1.3624195233069185,1.700133307007531,0.7717937592248051,1.2405397490841363
2026-01-01 02:23:06,1.0543124675750732,voltage,2.443949062134417,rpm,2.200874016820036,MEDIUM,0.6797715712520376,2.443949062134417,1.1994842375525359,1.2980759893103913,0.5131710942532923,2.200874016820036,1.3211003732019317
2026-01-01 02:24:09,0.9879122853279114,pressure,1.90913025544112,temperature,1.5948736201766018,LOW,1.5948736201766018,0.904801705378784,0.08656030277807976,1.90913025544112,0.6031375799721023,0.34424548872348065,1.1898552293068885
2026-01-01 02:24:14,0.8991462469100953,pressure,1.5340066748658423,battery,1.2602409858571089,LOW,0.35854414689501407,0.503345553911513,0.6353410512653488,1.5340066748658423,0.2155689668992998,0.3911108062153208,1.2602409858571089
2026-01-01 02:26:30,1.005779504776001,current,3.05142382447824,temperature,2.4140892440647552,HIGH,2.4140892440647552,1.3059487094480848,3.05142382447824,0.3051822771084274,1.7047030053563457,2.098945602839697,1.3542350748097884
2026-01-01 02:26:45,0.8591015338897705,temperature,2.3180570728951846,rpm,2.1034425487828425,MEDIUM,2.3180570728951846,0.2861299895247188,1.4028891185808352,0.6146704108405066,0.961067227667085,2.1034425487828425,1.6420660829667655
2026-01-01 02:27:00,1.058280110359192,battery,2.238645212583409,current,1.802686365268033,MEDIUM,0.701635224048001,0.05068762566429678,1.802686365268033,1.4130727876667288,1.5901755839347609,1.2112240144377509,2.238645212583409
2026-01-01 02:27:05,0.9986798763275146,battery,2.5016191702453727,temperature,1.8379491230442917,MEDIUM,1.8379491230442917,0.1189211581517557,0.42064812787282385,0.6488802959691599,0.32907499207954466,0.7615823110090532,2.5016191702453727
2026-01-01 02:27:10,1.1859604120254517,battery,2.728703934011136,temperature,1.1743762532025814,MEDIUM,1.1743762532025814,0.05166842028975773,0.0754992425046791,1.060848567890349,0.5800883032787887,1.0698052755430576,2.728703934011136
2026-01-01 02:27:11,0.8656379580497742,battery,2.7810318055768755,vibration,2.116478813038706,MEDIUM,1.3182365231071809,0.03132252420596604,1.6021347383767712,0.34427824813537156,2.116478813038706,1.8566634265847224,2.7810318055768755
2026-01-01 02:27:12,0.9409469366073608,battery,2.8399629901838828,rpm,2.0900691375690412,MEDIUM,1.2362855504322814,0.3467200797335923,0.2742426748489146,0.49707129792240484,1.9801656223481237,2.0900691375690412,2.8399629901838828
2026-01-01 02:27:16,1.1110353469848633,battery,3.0142969405745474,vibration,1.7212641525881005,HIGH,1.2618755593930557,0.7744729114250573,1.6166922599510936,0.009156237235128524,1.7212641525881005,0.38865284127081856,3.0142969405745474
2026-01-01 02:27:18,0.95256769657135,battery,2.9970095308651774,rpm,2.207216209754651,MEDIUM,0.04049468170480673,0.17063643924589753,0.9288845637982756,0.12297567197279245,0.9654513915736362,2.207216209754651,2.9970095308651774
2026-01-01 02:27:19,1.1915713548660278,battery,3.0452191921920453,rpm,2.775838523514635,HIGH,0.5015626113678676,0.1522982073019243,0.4068166270872662,0.48699208167637675,1.4043363896404475,2.775838523514635,3.0452191921920453
2026-01-01 02:27:23,0.8767688870429993,battery,3.2327681706516063,vibration,1.2761614054178887,HIGH,1.066388741846045,0.670785699182705,0.5085546813411076,0.4422611193071737,1.2761614054178887,1.2425702343151672,3.2327681706516063
2026-01-01 02:27:24,1.1242878437042236,battery,3.411949250471182,voltage,0.8707990327155253,HIGH,0.5867762273746573,0.8707990327155253,0.3946918380135546,0.39765397818924386,0.3325999219372148,0.12582610966933613,3.411949250471182
2026-01-01 02:27:25,1.0488622188568115,battery,3.4671664974822587,rpm,1.8181147915044626,HIGH,1.3583297288108136,0.6685895927510015,1.814705796772761,0.06349961840690792,1.7959925133766288,1.8181147915044626,3.4671664974822587
2026-01-01 02:27:28,1.2483457326889038,battery,3.5133179033608997,rpm,1.810447032135372,HIGH,1.1874389380099895,0.8473577324763394,1.7750477503449267,1.1683966801962617,0.8610759042353389,1.810447032135372,3.5133179033608997
2026-01-01 02:27:29,1.2789689302444458,battery,3.691507014994109,current,0.8087249439133973,HIGH,0.41366105092264416,0.29899941132488383,0.8087249439133973,0.10882762386389078,0.08945192324438354,0.07209152372182037,3.691507014994109
2026-01-01 02:27:30,1.0362205505371094,battery,3.6875120034538424,voltage,1.2605302204168676,HIGH,0.3808683931398796,1.2605302204168676,0.9828649554040033,0.17001566140372165,1.0252933696411421,0.0927803517617808,3.6875120034538424
2026-01-01 02:27:31,1.0075695514678955,battery,3.6256933005186367,voltage,3.1562108589422073,HIGH,1.343628430078385,3.1562108589422073,1.2620512046178882,0.9561654276950718,1.3828018971105034,1.178206276349041,3.6256933005186367
2026-01-01 02:27:32,1.3028749227523804,battery,3.7901987265411456,temperature,1.9397649032984507,HIGH,1.9397649032984507,0.36139129309897866,0.23916397411140616,0.5529099873744449,0.8740707406101326,1.2848067771776406,3.7901987265411456
2026-01-01 02:27:33,0.962772011756897,battery,3.77703784398355,temperature,2.1575411207852886,HIGH,2.1575411207852886,0.7470958110179464,0.8475288699762908,0.14102662720024242,1.894983904266182,0.896541325520692,3.77703784398355
2026-01-01 02:27:34,1.4058624505996704,battery,3.761127070310427,rpm,1.7210659584716574,HIGH,0.9337673249013618,0.06530318128356614,0.17736912074369537,0.3835511652976121,0.746980196668226,1.7210659584716574,3.761127070310427
2026-01-01 02:27:35,0.9977558851242064,battery,3.9695590336705853,voltage,1.8507626913704367,HIGH,1.2674911385004561,1.8507626913704367,0.8755187335822889,0.3998380889700561,1.060177742634194,0.5725777256810228,3.9695590336705853
2026-01-01 02:27:36,1.2717567682266235,battery,3.9253600714765247,rpm,1.7809484291864794,HIGH,0.6894997722498213,0.4750284371460349,0.5615977953854654,0.7059417044326948,0.9760543978583174,1.7809484291864794,3.9253600714765247
2026-01-01 02:27:37,1.0016067028045654,battery,3.939024300159385,vibration,2.6769631750448277,HIGH,0.7349495806290679,0.8733721442377556,1.2880894588757688,0.494110548715807,2.6769631750448277,1.5088106710224498,3.939024300159385
2026-01-01 02:27:38,1.5889424085617063,battery,4.1280750510132505,rpm,2.2056307000162483,HIGH,1.8744424423160786,0.5173215221005927,1.2833808985766701,0.6502182840368662,0.5989217801549583,2.2056307000162483,4.1280750510132505
2026-01-01 02:27:39,1.205456018447876,battery,4.148061367499661,temperature,2.0096991714204013,HIGH,2.0096991714204013,0.22322182818340452,0.6062479232320469,0.8879305384932054,1.4365150049248672,0.15875972140176797,4.148061367499661
2026-01-01 02:27:40,1.5613847970962524,battery,4.011241332952287,rpm,0.6756884315163879,HIGH,0.614725825903822,0.4144291919455222,0.5964668387508638,0.5914953293986833,0.42721781641203177,0.6756884315163879,4.011241332952287
2026-01-01 02:27:41,1.106147527694702,battery,4.248282778616705,vibration,1.2952751775476503,HIGH,0.7162094272524,1.1654539423576655,0.4807213082321997,0.29072243469445896,1.2952751775476503,0.40117200775793094,4.248282778616705
2026-01-01 02:27:42,1.6600583791732788,battery,4.239664893317588,rpm,1.4933169757440332,HIGH,1.0816954873983842,0.30359279272030587,0.6380149613931761,0.3787471004475212,0.5607140125504204,1.4933169757440332,4.239664893317588
2026-01-01 02:27:43,1.4095171689987185,battery,4.401069282411948,rpm,2.0089670452270516,HIGH,1.8886398199724603,0.8821302576193379,1.8355007151362308,0.18024031179054814,1.7163278551187835,2.0089670452270516,4.401069282411948
2026-01-01 02:27:44,1.3770205974578855,battery,4.36252228892853,vibration,1.605086103329954,HIGH,0.4818662089431918,0.438988082314071,1.468840624678045,0.3038419803670852,1.605086103329954,0.7432288775860645,4.36252228892853
2026-01-01 02:27:45,1.2491861581802368,battery,4.301057149386888,rpm,1.3728072045801845,HIGH,0.04995155201211867,0.609524537686362,0.3168324257126639,0.47788626842494963,1.2429079814964015,1.3728072045801845,4.301057149386888
2026-01-01 02:27:46,1.8483604192733765,battery,4.334834703775256,current,2.2780102519829937,HIGH,0.6004794717873878,1.0747513423215795,2.2780102519829937,0.8179105178164252,0.3018293891969025,1.9197028549122614,4.334834703775256
2026-01-01 02:27:47,2.132323741912842,battery,4.3925816438147685,temperature,1.3375458822021329,HIGH,1.3375458822021329,0.45853143659501544,0.7112435331608338,0.6323853185561741,1.0531673481907753,1.1918057520719163,4.3925816438147685
2026-01-01 02:27:48,1.3343641757965088,battery,4.4961576476389515,rpm,1.433886781089754,HIGH,0.7453377944569215,0.9679683972965549,0.9961535099205264,0.7034818838242779,0.9082048122056308,1.433886781089754,4.4961576476389515
2026-01-01 02:27:49,1.567179560661316,battery,4.614341192251171,temperature,1.6702571022628845,HIGH,1.6702571022628845,0.02293435817639943,0.3285816692606174,0.9309021093854168,1.5444796812653945,0.3125874014902093,4.614341192251171
2026-01-01 02:27:50,1.5587114095687866,battery,4.557945033954774,rpm,1.992055525793736,HIGH,0.0685784263019182,1.156883035239438,0.6333078878182056,0.4027149999851154,0.5635840811895126,1.992055525793736,4.557945033954774
2026-01-01 02:27:51,1.899885416030884,battery,4.663345937531572,vibration,1.7202071409479989,HIGH,0.7071285114687678,0.6340088344715802,1.3896085286472097,0.9921655576301963,1.7202071409479989,0.7785053066310776,4.663345937531572
2026-01-01 02:27:52,1.611339807510376,battery,4.790257976182783,rpm,2.705823050191268,HIGH,1.9214186865338365,0.2594804167584797,1.424033260421976,0.8703688905721314,1.610542883484091,2.705823050191268,4.790257976182783
2026-01-01 02:27:53,2.1537227630615234,battery,4.723607742793018,current,1.2967119111923762,HIGH,0.9499128949283294,0.003334751132574796,1.2967119111923762,0.08316233903625017,0.2859735175139084,0.41608371778871167,4.723607742793018
2026-01-01 02:27:54,1.4951515197753906,battery,4.684290485903046,rpm,1.2755744822899804,HIGH,0.4418917359298264,0.9588738563924504,0.5304584044131505,0.5161871883366164,0.9332098357905682,1.2755744822899804,4.684290485903046
2026-01-01 02:27:55,1.8940463066101076,battery,4.74168802715268,current,2.542972436349001,HIGH,0.9618809779727179,1.2547816918885988,2.542972436349001,0.21202357677861763,1.0240000690115845,1.5018033920711296,4.74168802715268
2026-01-01 02:27:56,1.9806044101715088,battery,4.783419965312602,vibration,1.6160582265625811,HIGH,0.9195010055121456,0.026785644146530726,0.8306343230843415,0.20842074906831437,1.6160582265625811,0.6622231707861006,4.783419965312602
2026-01-01 02:27:57,1.9277247190475464,battery,4.890178752624806,rpm,2.1166196480097197,HIGH,1.539682692657333,0.3860525709768002,1.558796996482876,1.4435555757745926,0.6571334829526737,2.1166196480097197,4.890178752624806
2026-01-01 02:27:58,1.6295299530029297,battery,5.02163139835006,rpm,1.4425631099862022,CRITICAL,0.35491442708039356,0.8587974285517043,0.8126710103794534,0.9319658688646505,1.1571642570415255,1.4425631099862022,5.02163139835006
2026-01-01 02:27:59,2.4204647541046143,battery,4.963289913884666,vibration,1.6554287105544039,HIGH,1.1506278466878423,0.607505891062024,0.7081769501334969,0.1921328595496313,1.6554287105544039,0.013452804582560176,4.963289913884666
2026-01-01 02:28:00,2.3939032554626465,battery,5.039761269814261,temperature,2.1393370968619436,CRITICAL,2.1393370968619436,0.5128301588598766,2.1101493032901213,0.31643073077326045,1.1727565070599262,1.1960927355488893,5.039761269814261
2026-01-01 02:28:01,2.605600357055664,battery,5.114312792457936,rpm,1.1903894038937402,CRITICAL,0.9582751626501007,0.35000742144303254,1.1118311894181707,0.24746283722278525,0.021034425356179505,1.1903894038937402,5.114312792457936
2026-01-01 02:28:02,2.3010213375091557,battery,5.096901023319455,rpm,0.8645959297286111,CRITICAL,0.06232827686961591,0.08900864307765152,0.8477560863014294,0.06194144292609642,0.7427744889418217,0.8645959297286111,5.096901023319455
2026-01-01 02:28:03,2.158801317214966,battery,5.157764490280941,vibration,1.526769558188884,CRITICAL,0.9587802131572574,0.5428810671090554,0.8974815071361768,0.9401292309533301,1.526769558188884,0.562589662507579,5.157764490280941
2026-01-01 02:28:04,3.0125534534454346,battery,5.278458639810615,vibration,1.4514360915383062,CRITICAL,0.4461985886418092,0.9573247376280999,1.04657239000281,0.27159131151276983,1.4514360915383062,0.9037573830834891,5.278458639810615
2026-01-01 02:28:05,3.1020522117614746,battery,5.328043560401592,current,1.8152103658051792,CRITICAL,0.411284225216868,0.41171223802531276,1.8152103658051792,0.12221934023687618,0.2616448097016207,1.5057164664901415,5.328043560401592
2026-01-01 02:28:06,2.223309278488159,battery,5.4079955163984055,current,1.7115561324137392,CRITICAL,0.46571311943264504,0.799441485265254,1.7115561324137392,0.24329202080506374,1.1150072839580178,1.4774189610031228,5.4079955163984055
2026-01-01 02:28:07,2.647843360900879,battery,5.357065327772873,current,1.9298059179098275,CRITICAL,0.7684709196189738,0.5106918601549331,1.9298059179098275,0.10226485711022358,1.5301153682820214,0.947452748160496,5.357065327772873
2026-01-01 02:28:08,2.478783130645752,battery,5.358524474658742,vibration,1.2952705060187453,CRITICAL,0.7238042547892763,0.12226781807436032,0.5850514619265125,0.33036064801289355,1.2952705060187453,1.0884945106034865,5.358524474658742
2026-01-01 02:28:09,1.7244904041290283,battery,5.508348727243758,voltage,1.6810492059051734,CRITICAL,0.84728518435758,1.6810492059051734,1.0544229382170311,0.7702390367382006,1.3545686853598957,0.8552959697356695,5.508348727243758
2026-01-01 02:28:10,2.288491487503052,battery,5.587492092725296,vibration,2.143582788279555,CRITICAL,0.8677648153131341,0.3150060150664733,1.0123579890401886,0.011008260046008909,2.143582788279555,0.30348908431262617,5.587492092725296
2026-01-01 02:28:11,2.733294725418091,battery,5.525510349179476,current,2.1679088072554635,CRITICAL,0.3137015220885185,0.5794748299337391,2.1679088072554635,0.6847445945321191,0.9505035309557812,0.8964883479004389,5.525510349179476
2026-01-01 02:28:12,2.73244571685791,battery,5.4976342528847315,temperature,1.2748874105820336,CRITICAL,1.2748874105820336,0.3035474460810982,1.00450999217006,0.0068374108761822434,1.1412711677163743,0.4542505025065733,5.4976342528847315
2026-01-01 02:28:13,1.8292795419692995,battery,5.51560670215985,voltage,1.8169508624741408,CRITICAL,1.361976586975223,1.8169508624741408,0.5416238486168945,0.5481250213959414,0.4338630379529588,0.282564080739198,5.51560670215985
2026-01-01 02:28:14,3.329148292541504,battery,5.594757181689842,current,2.2701023215312355,CRITICAL,1.3879230159513802,0.03322279088799093,2.2701023215312355,1.0356933287768688,0.5999831136109525,0.6446375964406664,5.594757181689842
2026-01-01 02:28:15,2.841057538986206,battery,5.749151955994686,current,1.3614721118641122,CRITICAL,0.7051577223117104,0.1776133510225076,1.3614721118641122,0.27004569324605965,0.7648195735735568,0.6595965192899274,5.749151955994686
2026-01-01 02:28:16,2.6117472648620605,battery,5.854297360541866,current,2.085439765797833,CRITICAL,0.28795507151077543,1.2297808962717982,2.085439765797833,0.45663407357433894,1.4252862588302528,1.4335943329236756,5.854297360541866
2026-01-01 02:28:17,2.7836287021636963,battery,5.796530397156319,rpm,1.715850678283618,CRITICAL,0.4314650973879744,0.2031782832796923,1.2858011615612155,0.6822270556093606,0.51843450860907,1.715850678283618,5.796530397156319
2026-01-01 02:28:18,2.728752374649048,battery,5.889729475838673,vibration,1.6301960043749661,CRITICAL,1.3235210710073066,0.35693566662814824,1.6232664803532366,0.24522661620439554,1.6301960043749661,1.2087786497986357,5.889729475838673
2026-01-01 02:28:19,2.9149010181427,battery,5.944975336133727,pressure,0.7650755904802508,CRITICAL,0.21072302789791614,0.12880308511151392,0.7316603276522011,0.7650755904802508,0.31124051043710455,0.07473499388837958,5.944975336133727
2026-01-01 02:28:20,2.703974962234497,battery,5.8463827473150065,vibration,1.282155880553168,CRITICAL,0.6928558235169485,0.13042293966800012,0.8814850045175379,0.2244272153277783,1.282155880553168,0.8139061604098428,5.8463827473150065
2026-01-01 02:28:21,2.4493067264556885,battery,5.928316654066696,vibration,1.226427630309286,CRITICAL,0.4695504592039162,0.5680669454147599,0.10114993420850499,0.8075937859025145,1.226427630309286,0.16172298546890293,5.928316654066696
2026-01-01 02:28:22,3.065492630004883,battery,6.026365892155354,rpm,2.1508834621708366,CRITICAL,1.248700007661227,0.6895906293610171,1.0415993342318532,0.7558251902425392,1.0538535086979788,2.1508834621708366,6.026365892155354
2026-01-01 02:28:23,2.9609665870666504,battery,6.123363449627212,vibration,1.4574150549955276,CRITICAL,0.4942053408659411,0.13037934200130985,0.7700346267952579,0.5716824970457807,1.4574150549955276,0.6561250392882917,6.123363449627212
2026-01-01 02:28:24,3.179546356201172,battery,6.162551792482933,current,1.3970892264660493,CRITICAL,0.8735840922129844,0.21733770645940656,1.3970892264660493,1.1277919204118751,0.4767730150478372,0.5843280488389181,6.162551792482933
2026-01-01 02:28:25,3.4752697944641118,battery,6.316044024587435,current,1.779486957955792,CRITICAL,1.0932806798016779,0.11323522800667363,1.779486957955792,0.3790666427043284,0.6259794028709869,1.5030119696832585,6.316044024587435
2026-01-01 02:28:26,3.787810325622559,battery,6.183599559562365,rpm,0.8756118656286319,CRITICAL,0.09966172600252636,0.6572656730165142,0.4303639946555571,0.10552782728329674,0.33881338156130386,0.8756118656286319,6.183599559562365
2026-01-01 02:28:27,3.662976264953613,battery,6.212624109926504,rpm,1.5951569112228197,CRITICAL,1.590941090530276,0.7895404160391606,0.14760973051741985,0.45989392408173624,0.8803461448697769,1.5951569112228197,6.212624109926504
2026-01-01 02:28:28,2.9979116916656494,battery,6.401332810059,pressure,0.9535057612934252,CRITICAL,0.20013600008835142,0.4964442431412016,0.5245349228083025,0.9535057612934252,0.8007137100437408,0.16655780527754918,6.401332810059
2026-01-01 02:28:29,3.0484778881073,battery,6.438281386940137,vibration,1.344367957732811,CRITICAL,0.115684214547849,0.9313972691301022,0.9271189454643995,0.1995605777218771,1.344367957732811,0.9519815023963277,6.438281386940137
2026-01-01 02:28:30,3.1350486278533936,battery,6.373972971949101,current,1.6998689824982378,CRITICAL,1.1406291626538576,0.8821741405539726,1.6998689824982378,0.3356784818850647,1.0724528067334018,1.2214702949245595,6.373972971949101
2026-01-01 02:28:31,4.11363410949707,battery,6.510060425910455,pressure,1.4818426452449591,CRITICAL,1.0959247239267036,1.342471689459122,0.22659624104299786,1.4818426452449591,1.2359726688722383,0.8118031888547446,6.510060425910455
2026-01-01 02:28:32,3.212212562561035,battery,6.455634544868557,pressure,1.002900673085607,CRITICAL,0.6967384907290032,0.11377238610293619,0.6205338781202203,1.002900673085607,0.7287965706715334,0.4434948846500977,6.455634544868557
2026-01-01 02:28:33,3.9145240783691406,battery,6.634388035021759,vibration,1.061465675531696,CRITICAL,0.35830467096420915,0.4746051965460176,0.38535132969669333,0.5572542024317363,1.061465675531696,0.48586300242303604,6.634388035021759
2026-01-01 02:28:34,3.1157655715942383,battery,6.64830375112037,vibration,1.8476228252698368,CRITICAL,0.6391493933511871,0.37308904339197846,1.83347985465475,0.7916004707237329,1.8476228252698368,0.9182918372394071,6.64830375112037
2026-01-01 02:28:35,3.961001396179199,battery,6.637342267806713,rpm,0.6784638895726854,CRITICAL,0.2470707823340912,0.013515467022512231,0.42896616000753757,0.1341132135706226,0.05908653620323402,0.6784638895726854,6.637342267806713
2026-01-01 02:28:36,4.18706750869751,battery,6.741861694515331,rpm,1.0700119319295596,CRITICAL,0.634563589852217,0.6729410738257138,0.6494309792431094,0.6836154618550841,0.22674999091290826,1.0700119319295596,6.741861694515331
2026-01-01 02:28:37,3.466878652572632,battery,6.79222367793487,current,1.2726804640622162,CRITICAL,0.8557616490244507,0.25252420314439966,1.2726804640622162,0.7051085550557377,1.1620250601672737,0.7228270849641575,6.79222367793487
2026-01-01 02:28:38,5.346615791320801,battery,6.840146288276952,temperature,1.6455417030930506,CRITICAL,1.6455417030930506,1.0323194654663006,0.08504907499617853,0.5147878077808238,0.3166640387187918,1.6184465354413249,6.840146288276952
2026-01-01 02:28:39,4.1076765060424805,battery,6.810645483053747,rpm,2.2420274200994634,CRITICAL,0.03448915152624868,0.4010635397900602,0.7573140494021283,1.3888231925137091,0.00826450189570058,2.2420274200994634,6.810645483053747
2026-01-01 02:28:40,3.8253591060638423,battery,6.838519249654976,current,1.6929576660965873,CRITICAL,0.6052047753344882,0.2602074240525195,1.6929576660965873,0.18983019446539734,1.0808119819131101,0.10725713162843264,6.838519249654976
2026-01-01 02:28:41,3.8257226943969727,battery,6.91734737730611,current,1.1239725914526255,CRITICAL,0.23925533795829207,0.31467370081513274,1.1239725914526255,0.8481197732535296,0.20545251481614776,0.8814916056472573,6.91734737730611
2026-01-01 02:28:42,4.416220664978027,battery,7.045893071905762,current,1.704848620743347,CRITICAL,1.2088605133717825,0.7099468759496333,1.704848620743347,0.18111000261143534,1.6319085212829563,1.568948827630715,7.045893071905762
2026-01-01 02:28:43,4.154622077941895,battery,6.949670851552822,pressure,1.578439546112645,CRITICAL,0.5679400141109249,0.802386354487102,1.3716512710685176,1.578439546112645,0.8442207382377531,0.4036848927198455,6.949670851552822
2026-01-01 02:28:44,3.664863586425781,battery,7.072847679954255,pressure,1.2864696804051827,CRITICAL,1.217374567136039,0.2821695370144775,0.5559082959676781,1.2864696804051827,0.6336758555607613,1.0398556493990907,7.072847679954255
2026-01-01 02:28:45,4.858880043029785,battery,7.064319959599773,voltage,0.7179588847242329,CRITICAL,0.050958097905057655,0.7179588847242329,0.35856588855545674,0.18951214345860534,0.2764957666323564,0.6086534731195247,7.064319959599773
2026-01-01 02:28:46,4.8426594734191895,battery,7.272280588788938,temperature,1.3588979863514856,CRITICAL,1.3588979863514856,0.9020386160394782,0.8958034317397822,0.8819950250655144,0.8530072804998834,0.20087549697015455,7.272280588788938
2026-01-01 02:28:47,4.54013204574585,battery,7.148983957759762,current,1.5747262300470435,CRITICAL,0.6603800614250768,0.06963338377690298,1.5747262300470435,0.6927474487955406,0.17378549450035188,0.1896768693158872,7.148983957759762
2026-01-01 02:28:48,5.48734712600708,battery,7.30165963360778,temperature,1.1183920664963907,CRITICAL,1.1183920664963907,0.1023448539366256,0.7872466837066758,0.6531531654652215,0.676877992561409,0.7578857698767586,7.30165963360778
2026-01-01 02:28:49,4.992578029632568,battery,7.352869920093943,rpm,0.9532116317232986,CRITICAL,0.367128334767976,0.3717906368910265,0.5505290975245003,0.4098201571203397,0.16971414999770518,0.9532116317232986,7.352869920093943
2026-01-01 02:28:50,4.698678016662598,battery,7.34072010269789,current,2.431670464149448,CRITICAL,0.6860564701553501,0.25565193603266767,2.431670464149448,0.06480980901420304,1.3396443078583586,0.9934194911763318,7.34072010269789
2026-01-01 02:28:51,4.576385498046875,battery,7.556630611472291,current,0.9768830934968253,CRITICAL,0.32220740823635197,0.2312460253064336,0.9768830934968253,0.974478647387424,0.16867304985435375,0.22162250423939997,7.556630611472291
2026-01-01 02:28:52,4.724830150604248,battery,7.437278130737658,pressure,1.3401624869112136,CRITICAL,0.41790786565474763,0.27315966434658323,1.1922640468528287,1.3401624869112136,0.12769123674843333,0.6557476767875808,7.437278130737658
2026-01-01 02:28:53,4.559843063354492,battery,7.526910880759772,temperature,1.0766540074887525,CRITICAL,1.0766540074887525,0.26378307796231404,0.3961551312835961,0.5555115271436701,0.6226120338442676,0.10227190346967718,7.526910880759772
2026-01-01 02:28:54,4.028810501098633,battery,7.45655172837618,vibration,1.9186407143912032,CRITICAL,0.007485977015801307,0.04747553916236147,0.7937311031197609,1.4380412862820469,1.9186407143912032,1.1784509377321284,7.45655172837618
2026-01-01 02:28:55,4.195233345031738,battery,7.581820208425929,vibration,1.2710818427211046,CRITICAL,0.44655578959018066,0.3236911527243719,0.7264123615397855,0.9459552253353201,1.2710818427211046,0.5694195013647525,7.581820208425929
2026-01-01 02:28:56,4.609775543212891,battery,7.715485326338064,current,1.4016332056977725,CRITICAL,1.0596285089287332,0.8057864819773355,1.4016332056977725,0.3636677786731979,0.19512008959783142,1.3278899037962435,7.715485326338064
2026-01-01 02:28:57,4.758057117462158,battery,7.7485966994085755,temperature,1.0742574467982375,CRITICAL,1.0742574467982375,0.7760251903718957,1.06588302483763,0.5839117864697684,0.1761244556480437,0.6151245550293142,7.7485966994085755
2026-01-01 02:28:58,4.721190929412842,battery,7.909449126999394,voltage,1.0794706274646833,CRITICAL,0.08216914919151469,1.0794706274646833,0.4104236276074431,0.3079095728154037,0.17992941247170266,0.17992561784741704,7.909449126999394
2026-01-01 02:28:59,4.639615058898926,battery,7.6183473539206386,current,1.1150745306749281,CRITICAL,0.4908990899388961,0.768954614472877,1.1150745306749281,0.1442785425382273,0.10652103366942724,0.4708476771350678,7.6183473539206386
2026-01-01 02:29:00,4.868654251098633,battery,8.00528256134022,rpm,1.796499006642962,CRITICAL,0.5486690599626608,0.3563231240998722,0.9494056419448792,1.267988630135342,0.9175392831644321,1.796499006642962,8.00528256134022
2026-01-01 02:29:01,5.462639331817627,battery,7.91609173460138,rpm,2.175903729319187,CRITICAL,0.8359273722970928,0.10575322926206843,2.1435528666021537,1.1118492859149536,0.4123588246095822,2.175903729319187,7.91609173460138
2026-01-01 02:29:02,5.0183515548706055,battery,7.873961636680089,pressure,1.8862871973794513,CRITICAL,0.46714636535486526,0.07772988565879031,1.121659137163457,1.8862871973794513,0.03504054225704144,0.16833292617965936,7.873961636680089
2026-01-01 02:29:03,5.751018524169922,battery,7.870193179346145,current,2.4781137926486845,CRITICAL,0.1362841490547871,0.41553772308713127,2.4781137926486845,0.7597081059821557,0.170026946032504,1.3969050690253022,7.870193179346145
2026-01-01 02:29:04,4.843598365783691,battery,7.89331905689599,vibration,1.8720234329983156,CRITICAL,1.0099054665693994,0.18383420778160173,1.436345823059896,0.07067016115451269,1.8720234329983156,0.08535419436420338,7.89331905689599
2026-01-01 02:29:05,5.242330551147461,battery,8.071124090831798,current,1.033408843198189,CRITICAL,0.44968893954994477,0.6538270160847175,1.033408843198189,0.39812054768419414,0.9817177341156234,0.30901326095880505,8.071124090831798
2026-01-01 02:29:06,5.830785751342773,battery,8.075940489232991,rpm,0.9358892356166993,CRITICAL,0.4776119518866872,0.32117325235118616,0.5440866548010519,0.4163550225652461,0.07300713797006503,0.9358892356166993,8.075940489232991
2026-01-01 02:29:07,5.579998016357422,battery,8.178076966866897,current,1.7768433983070624,CRITICAL,0.21841574740404823,0.14580556885429088,1.7768433983070624,0.3198117300070497,1.230157607163294,1.1153184049752882,8.178076966866897
2026-01-01 02:29:08,6.299254894256592,battery,8.310778803150779,current,0.8207598104018942,CRITICAL,0.11466884513043075,0.2945356494740459,0.8207598104018942,0.3002342800043243,0.11284015721992699,0.32130403780680467,8.310778803150779
2026-01-01 02:29:09,5.594623565673828,battery,8.321898878642353,rpm,1.1882623045738694,CRITICAL,0.04122997717436464,0.30783951913509056,0.05852458355477565,0.47508904171049476,0.45028117145671626,1.1882623045738694,8.321898878642353
2026-01-01 02:29:10,5.929226398468018,battery,8.414605785591487,rpm,1.558533317377649,CRITICAL,0.16474109748885915,0.2134942121621161,1.5304165837073704,0.9261368675178768,0.3790643939665055,1.558533317377649,8.414605785591487
2026-01-01 02:29:11,5.534072399139404,battery,8.320646629328177,current,2.163496079263346,CRITICAL,1.112710305414947,0.3465161793836132,2.163496079263346,2.035968114620786,0.611401862144302,1.2595484702233442,8.320646629328177
2026-01-01 02:29:12,6.779860496520996,battery,8.41246540339845,temperature,0.9269879967778222,CRITICAL,0.9269879967778222,0.3090352647473451,0.8837454825937058,0.21467824186184073,0.03229824520466929,0.15539923392536634,8.41246540339845
2026-01-01 02:29:13,5.58811616897583,battery,8.448152178026378,current,1.9180895720069626,CRITICAL,0.6623323673084077,0.49587228195175087,1.9180895720069626,0.5845527930788907,0.561840585459676,0.4914891640439944,8.448152178026378
2026-01-01 02:29:14,6.649641513824463,battery,8.43517186825247,current,1.6590526820658444,CRITICAL,0.48192841098607386,0.08288368438725872,1.6590526820658444,0.31320622571839024,0.5062845070513677,1.3464286978367621,8.43517186825247
2026-01-01 02:29:15,6.002088069915772,battery,8.510864491525052,rpm,1.7829759977630193,CRITICAL,0.40271110795322684,0.1468076456207035,0.4451679407062977,1.1487923455185425,0.25755029139202185,1.7829759977630193,8.510864491525052
2026-01-01 02:29:16,6.670700550079346,battery,8.528591429273332,vibration,1.213265153620634,CRITICAL,1.0494446763595469,0.3210975005565156,0.2187358290140491,0.9583275598525373,1.213265153620634,0.05402766406110923,8.528591429273332
2026-01-01 02:29:17,5.834162712097168,battery,8.49562460491272,current,1.7887616830605555,CRITICAL,0.5123267107712376,0.14368938373728646,1.7887616830605555,0.7157477781543319,1.028723738703101,0.9657925873344192,8.49562460491272
2026-01-01 02:29:18,5.784608364105225,battery,8.721884215734512,current,1.6061461079529598,CRITICAL,0.35746228792410806,0.9055166799785114,1.6061461079529598,0.9948577222950056,0.04813514594050875,1.243345017502956,8.721884215734512
2026-01-01 02:29:19,7.2818603515625,battery,8.84276694931744,current,1.399604352781717,CRITICAL,0.4616082858140385,0.5320618667315131,1.399604352781717,0.6988803911354345,0.4297612504892439,0.14428810518458313,8.84276694931744
2026-01-01 02:29:20,6.973415851593018,battery,8.799862384572709,current,1.4757838368625154,CRITICAL,0.04574067935000089,0.002127592473309911,1.4757838368625154,0.460771285886859,0.8102932991644175,1.4224762658897623,8.799862384572709
2026-01-01 02:29:21,7.158718585968018,battery,8.82043766272413,rpm,2.131790734665995,CRITICAL,0.3431186800590707,0.8327182586137132,0.2533711486422615,0.6130979599738541,0.7591779064358495,2.131790734665995,8.82043766272413
2026-01-01 02:29:22,6.363870620727539,battery,8.822465281213615,current,1.465523122811344,CRITICAL,0.07555452217217436,0.11346356927805377,1.465523122811344,0.8934600176298289,0.5579825630049684,1.1858872789003891,8.822465281213615
2026-01-01 02:29:23,6.774339199066162,battery,8.84891900496929,pressure,1.6999618093600168,CRITICAL,0.3888216027755368,1.02682489736768,1.3667850594676823,1.6999618093600168,0.608480299349722,1.119168679142987,8.84891900496929
2026-01-01 02:29:24,5.846200942993164,battery,9.018776094848603,vibration,1.3343567148925524,CRITICAL,0.2076741433425855,0.6266985671955484,0.029711833899902812,1.0783933627816547,1.3343567148925524,0.26039104715014666,9.018776094848603
2026-01-01 02:29:25,6.707266807556152,battery,9.075361263797253,temperature,1.2433420185894422,CRITICAL,1.2433420185894422,0.6372852746441958,0.6959222440263937,0.09240094539033916,0.4570955335854706,0.42697146361676813,9.075361263797253
2026-01-01 02:29:26,5.890905857086182,battery,8.943817323301797,pressure,1.129947326653583,CRITICAL,0.4582576206124569,0.6461493799324052,0.4113524800592575,1.129947326653583,0.4893952161988453,0.32204060092092707,8.943817323301797
2026-01-01 02:29:27,6.745538234710693,battery,9.06238879451063,current,1.7313880886316768,CRITICAL,0.0169984977405891,0.12714275978118122,1.7313880886316768,1.6549175436638897,0.43741675112625367,0.16491827560457975,9.06238879451063
2026-01-01 02:29:28,6.720646858215332,battery,9.106367137278967,current,1.4699850086215767,CRITICAL,0.1457268007428184,0.4966550794486607,1.4699850086215767,1.2441627172451761,1.2562908591210171,0.5793165687909262,9.106367137278967
2026-01-01 02:29:29,7.431155204772949,battery,9.158880218185642,current,1.825989680235833,CRITICAL,0.7842478278833753,0.4455465362003068,1.825989680235833,0.6427202206816405,0.2378159342591413,0.934607201984379,9.158880218185642
2026-01-01 02:29:30,6.170838832855225,battery,9.213289120687742,voltage,1.142793661924175,CRITICAL,0.4505244258837862,1.142793661924175,0.5429781018395833,1.0636288706506,0.1406172770332552,0.17333427687481104,9.213289120687742
2026-01-01 02:29:31,6.347999572753906,battery,9.285373983408862,voltage,1.0750560305684633,CRITICAL,0.788399957473702,1.0750560305684633,0.248002306484625,0.7665387636355235,0.42703320672625145,0.5018655490827083,9.285373983408862
2026-01-01 02:29:32,6.501154899597168,battery,9.365187947102058,current,1.5212083085236574,CRITICAL,0.6140566030047503,0.17509743857760407,1.5212083085236574,1.0925625884964594,1.427614211487989,0.9318612002557396,9.365187947102058
2026-01-01 02:29:33,7.601546287536621,battery,9.399853731378476,vibration,1.4933852056924042,CRITICAL,0.7020770037609408,0.2639395270640447,1.3575897905751384,0.0342001689567902,1.4933852056924042,0.6540646271695807,9.399853731378476
2026-01-01 02:29:34,6.794436454772949,battery,9.259436035623509,rpm,1.3353883637245854,CRITICAL,0.3718188042553945,1.019642259219407,1.3276757525777692,0.2919903911071092,0.2683396190783497,1.3353883637245854,9.259436035623509
2026-01-01 02:29:35,8.123226165771484,battery,9.330777405013633,current,2.1836353436018703,CRITICAL,0.7620782088294683,0.39250910503674097,2.1836353436018703,0.7841514000816241,0.9314207614158049,0.8538704810561752,9.330777405013633
2026-01-01 02:29:36,7.082647800445557,battery,9.437712358278933,current,1.575167994121854,CRITICAL,0.048613762553868935,0.23485350665305657,1.575167994121854,0.8412044526844025,0.4475366414676429,0.8596721945267877,9.437712358278933
2026-01-01 02:29:37,6.513808727264404,battery,9.552728926157961,rpm,1.4607318548715067,CRITICAL,0.18088272472079106,0.9986317997817098,0.5666517398122981,0.7829394614078605,0.8047624027793123,1.4607318548715067,9.552728926157961
2026-01-01 02:29:38,8.357830047607422,battery,9.555436299012465,current,1.7167641445651916,CRITICAL,0.27161230885515303,0.4990018481284522,1.7167641445651916,0.13167147332757728,0.3934524935213967,1.3158268755380187,9.555436299012465
2026-01-01 02:29:39,7.3411545753479,battery,9.739158850604902,rpm,1.0977040211835196,CRITICAL,0.2810984800031145,0.6352256683528432,1.0419860032919894,0.3653274146422701,0.5737311283451141,1.0977040211835196,9.739158850604902
2026-01-01 02:29:40,6.888714790344238,battery,9.618404876670244,current,2.019344653870918,CRITICAL,0.32985214865903467,0.42122247463919366,2.019344653870918,1.199493735182659,0.961666386269805,0.8816628199110995,9.618404876670244
2026-01-01 02:29:41,8.546608924865723,battery,9.75015906358966,current,1.2081179718284631,CRITICAL,0.7812052546529134,0.03552361640235199,1.2081179718284631,0.2664240103469982,0.780395431328905,0.6904577949125598,9.75015906358966
2026-01-01 02:29:42,8.624969482421875,battery,9.778879940389821,current,1.5009142137740585,CRITICAL,0.17929973998834764,0.619135325291934,1.5009142137740585,0.36843738723149994,0.39879591550374494,0.31616508956626777,9.778879940389821
2026-01-01 02:29:43,8.397077560424805,battery,9.819544279864493,current,1.9603606038564665,CRITICAL,0.43683082185187644,0.4386491961195042,1.9603606038564665,1.7381800841730248,0.47448434118076577,0.06615531570790543,9.819544279864493
2026-01-01 02:29:44,7.81764554977417,battery,9.885042590543339,pressure,1.0270258720516654,CRITICAL,0.2495511913423348,0.25053861693931495,0.5577349250810105,1.0270258720516654,0.086901452558433,0.9390715072935183,9.885042590543339
2026-01-01 02:29:45,9.083420753479004,battery,9.863564671324767,temperature,1.0036230476455017,CRITICAL,1.0036230476455017,0.9223669992423923,0.518857359087361,0.5037111977960043,0.16456228779763885,0.9403124277759487,9.863564671324767
2026-01-01 02:29:46,8.800945281982422,battery,9.855319485596508,current,1.7855676477689721,CRITICAL,0.5348083741517543,0.13572424497067917,1.7855676477689721,0.27829986141223906,0.4148960827763468,0.7727471810849708,9.855319485596508
2026-01-01 02:29:47,8.389242172241211,battery,9.952627052699665,current,1.2605530602712993,CRITICAL,0.4859117487100745,0.4127136460844983,1.2605530602712993,0.19106520987460474,0.18495929534087543,0.1955828174249092,9.952627052699665
2026-01-01 02:29:48,8.178140640258789,battery,10.053609267544994,current,1.0791768499154804,CRITICAL,0.9297785726889727,0.7128276133926669,1.0791768499154804,0.9812019823519961,0.6575872204640415,1.0508869741287985,10.053609267544994
2026-01-01 02:29:49,9.52918529510498,battery,10.17812600248832,current,2.3757413410804435,CRITICAL,0.3612178309383344,0.9181725113423445,2.3757413410804435,1.0733651645114393,0.21281182649899336,0.7075664580319077,10.17812600248832
2026-01-01 02:29:50,8.142804145812988,battery,10.14816986933142,current,2.0847277989656816,CRITICAL,0.9934409861770918,0.9324576606872935,2.0847277989656816,0.13526298757930472,0.39983904257177566,0.5235671516057205,10.14816986933142
2026-01-01 02:29:51,7.009829044342041,battery,10.202602806901321,pressure,2.1504050392049976,CRITICAL,0.532767969029231,1.1881449261307262,0.2138352972992393,2.1504050392049976,0.5886559995380612,0.871595897081919,10.202602806901321
2026-01-01 02:29:52,8.409278869628906,battery,10.186721003173673,rpm,1.9281173906839688,CRITICAL,0.15010867874499056,0.3072353620565697,1.853627578447676,1.14186068317833,0.3439107014522745,1.9281173906839688,10.186721003173673
2026-01-01 02:29:53,10.061675071716309,battery,10.334509449920425,temperature,1.2363085296433862,CRITICAL,1.2363085296433862,0.684981718839347,0.23375989615462475,0.2401483820567883,0.8281771545123676,0.8737718612073476,10.334509449920425
2026-01-01 02:29:54,9.261883735656738,battery,10.397690804223387,current,2.049352146003768,CRITICAL,0.047705147843571286,0.20337069145665837,2.049352146003768,0.45659038026834736,0.39436884265139976,0.3715835619242955,10.397690804223387
2026-01-01 02:29:55,8.526297569274902,battery,10.362150536731182,pressure,1.1177290594777625,CRITICAL,0.038604700979721226,0.015022634840553493,0.6519213496768023,1.1177290594777625,0.8664913152465585,0.027644875760185168,10.362150536731182
2026-01-01 02:29:56,9.012438774108888,battery,10.365580741966857,pressure,1.3967167435401144,CRITICAL,0.7473031829894875,0.19896791280217954,1.328467605909972,1.3967167435401144,0.9511228923735067,0.27397078450643425,10.365580741966857
2026-01-01 02:29:57,9.432034492492676,battery,10.464933881587674,current,1.230533064625087,CRITICAL,1.0314589044865687,0.02605718962605117,1.230533064625087,0.12400099483468645,0.2124086372860532,0.6214742856083739,10.464933881587674
2026-01-01 02:29:58,8.891061782836914,battery,10.455147189806835,rpm,1.339417070646175,CRITICAL,0.45979813840287087,0.19983940554293786,0.18262906226798914,0.6018422483293464,0.37094226456426327,1.339417070646175,10.455147189806835
2026-01-01 02:29:59,10.042309761047363,battery,10.656316695125977,current,1.986042429909935,CRITICAL,0.5260072744200778,0.05736372287072882,1.986042429909935,0.7890987655219546,0.9535434790438593,0.7300106685055067,10.656316695125977
2026-01-01 02:30:00,8.854205131530762,battery,10.58191073229282,vibration,1.3665010246057674,CRITICAL,0.5090576676577862,0.18243613882404194,0.6967543847760362,0.42115715776649276,1.3665010246057674,0.4459837513740469,10.58191073229282
2026-01-01 02:30:01,10.220684051513672,battery,10.749468845348202,rpm,1.069645026062932,CRITICAL,0.7186183154250363,0.31632712298833493,0.7255258906478489,0.5539991194857262,0.36463301201460524,1.069645026062932,10.749468845348202
2026-01-01 02:30:02,9.740041732788086,battery,10.523197242575284,rpm,1.5881507398298318,CRITICAL,0.346578446469577,0.23599980627425715,1.2276977162578198,0.6039899000399445,0.2904367239392261,1.5881507398298318,10.523197242575284
2026-01-01 02:30:03,9.285317420959473,battery,10.661148581183076,current,1.8624066167557018,CRITICAL,1.2552061216736456,0.40164183327299957,1.8624066167557018,1.487755511111155,0.49573912939723447,0.8293425246425533,10.661148581183076
2026-01-01 02:30:04,8.308274269104004,battery,10.77350226860779,current,1.5477247640906358,CRITICAL,0.07114726321893723,1.2978444053538956,1.5477247640906358,1.3039420554050078,0.019541969484137243,0.7465148246551542,10.77350226860779
2026-01-01 02:30:05,9.272072792053224,battery,10.957182062401904,voltage,0.9850203656385101,CRITICAL,0.7235773284773152,0.9850203656385101,0.5421718476138995,0.19797121132356404,0.7333998251646515,0.4598552768005844,10.957182062401904
2026-01-01 02:30:06,9.61119270324707,battery,10.98775339296719,current,1.250599692934686,CRITICAL,0.08899525055705017,0.3613004009675233,1.250599692934686,0.318147991554012,1.0664505191491016,0.2694492757947865,10.98775339296719
2026-01-01 02:30:07,9.540499687194824,battery,10.808336795887394,current,1.43366664848843,CRITICAL,0.6967994071321166,0.8839383395520892,1.43366664848843,0.4307675514311308,0.6951200108949565,0.3560197838329155,10.808336795887394
2026-01-01 02:30:08,9.588311195373535,battery,11.065480568383093,pressure,1.037631949891995,CRITICAL,0.2587787471172922,0.5209281932115366,0.44292747697084045,1.037631949891995,0.014452186864709005,0.48447430435157157,11.065480568383093
2026-01-01 02:30:09,10.212217330932615,battery,10.997403659086173,current,1.296247944355321,CRITICAL,0.8207731525475132,0.09622196189485403,1.296247944355321,0.1957539492487824,0.42585346343816,0.0635460236059572,10.997403659086173
2026-01-01 02:30:10,11.554157257080078,battery,10.95242404403304,current,1.7320153824426885,CRITICAL,0.2961179816288641,1.0589668112978738,1.7320153824426885,0.9070681467483552,1.0220741940189335,0.2796367550815822,10.95242404403304
2026-01-01 02:30:11,11.057377815246582,battery,11.117359069955329,temperature,0.7778620989702072,CRITICAL,0.7778620989702072,0.21304021208477839,0.6034870779405647,0.13497441659880782,0.4885042828904351,0.048502665869119534,11.117359069955329
2026-01-01 02:30:12,10.364492416381836,battery,11.253540716380842,temperature,1.5767313988070077,CRITICAL,1.5767313988070077,0.2660230700107429,0.8478937002852562,1.1460168526501187,0.8401493110831122,0.1024721359738184,11.253540716380842
2026-01-01 02:30:13,11.354291915893556,battery,11.339974972913986,current,1.327412030250138,CRITICAL,0.18880584964044048,0.8142312611649816,1.327412030250138,1.009760800207464,0.5912500694256799,0.6131708235887895,11.339974972913986
2026-01-01 02:30:14,11.548930168151855,battery,11.23735220346922,current,1.3601676027500476,CRITICAL,0.043589681188963704,1.0585753425184226,1.3601676027500476,0.7784075811963704,0.10392984335439084,0.7312997286343471,11.23735220346922
2026-01-01 02:30:15,10.49721622467041,battery,11.386366817016283,current,1.7465307713482712,CRITICAL,0.5397213077412713,0.2896201762664907,1.7465307713482712,0.15687746266520855,0.7143273983431706,1.0399020324668986,11.386366817016283
2026-01-01 02:30:16,10.602580070495604,battery,11.35636451897712,temperature,1.0099389039320825,CRITICAL,1.0099389039320825,0.17152920235180727,0.6025920381024636,0.7098555470636014,0.037229637504631916,0.6267558783752263,11.35636451897712
2026-01-01 02:30:17,12.379566192626951,battery,11.476440665637162,current,1.3588907029100445,CRITICAL,0.3669692899070907,0.8505279859532358,1.3588907029100445,0.6664732372770363,0.9190409944460414,0.81511974307084,11.476440665637162
2026-01-01 02:30:18,11.695394515991213,battery,11.490784512936564,current,1.6441700793934755,CRITICAL,0.004437575418957412,0.5658793186118577,1.6441700793934755,0.9365397837020285,0.4796375034250523,0.8767734578216394,11.490784512936564
2026-01-01 02:30:19,10.735655784606934,battery,11.534942874658197,current,2.003318965801224,CRITICAL,0.5690027220459049,0.7332981136127846,2.003318965801224,0.5266946251409844,0.33992834441608716,0.8473790016580933,11.534942874658197
2026-01-01 02:30:20,11.909448623657228,battery,11.5600374661184,rpm,1.117703589685448,CRITICAL,0.2611325806412243,0.6623243544653821,0.8329955933622537,0.7402783506351676,0.2422692871144752,1.117703589685448,11.5600374661184
2026-01-01 02:30:21,11.199600219726562,battery,11.63948786718591,current,1.4605744820911088,CRITICAL,1.202910502770522,0.05049889570023599,1.4605744820911088,1.1878387309070475,0.2697610181646037,1.3378995377105039,11.63948786718591
2026-01-01 02:30:22,11.74508285522461,battery,11.615082301729766,current,2.508843709096836,CRITICAL,0.5323470133294061,0.19895562330114394,2.508843709096836,0.6206967023390451,0.4177714941676237,1.5863099123722733,11.615082301729766
2026-01-01 02:30:23,11.26222324371338,battery,11.612260726848765,current,1.9439100700260183,CRITICAL,0.7370233816666755,0.2732410493659544,1.9439100700260183,0.6080353403435227,0.1139722485847344,0.6943808189709149,11.612260726848765
2026-01-01 02:30:24,12.989846229553224,battery,11.75235171805441,current,1.267201924778204,CRITICAL,0.19423651606556044,0.6604215334678694,1.267201924778204,0.7629225890265396,0.6005733719768015,0.8571906863814177,11.75235171805441
2026-01-01 02:30:25,11.535554885864258,battery,11.755844304160206,current,1.2470478073655469,CRITICAL,0.6273047403801529,0.017460563255296074,1.2470478073655469,1.087730645288994,0.13731959180400008,0.23630795553725076,11.755844304160206
2026-01-01 02:30:26,11.317181587219238,battery,11.884789281721696,rpm,1.460359146356048,CRITICAL,0.11145681288791401,0.03303592715080459,1.2729363021061408,1.2323138772733107,0.08619243235075122,1.460359146356048,11.884789281721696
2026-01-01 02:30:27,12.82041072845459,battery,11.974807781591002,vibration,1.5159121432616711,CRITICAL,0.8887630043781287,0.07180017678663991,1.3693739744666968,0.5360219357943851,1.5159121432616711,0.5859436281366814,11.974807781591002
2026-01-01 02:30:28,11.64692497253418,battery,11.88523202294266,current,2.1309222780685566,CRITICAL,0.3837044608267711,0.034598882959186054,2.1309222780685566,1.332135776724794,0.21785848618051828,0.7190519323999318,11.88523202294266
2026-01-01 02:30:29,11.130556106567385,battery,11.898605820526933,current,1.7109573202630448,CRITICAL,0.251957484714629,0.14353480985656136,1.7109573202630448,1.3842152849838554,0.31379128655970207,0.6121009753385943,11.898605820526933
2026-01-01 02:30:30,10.19357204437256,battery,12.137814262988053,pressure,1.613382475714342,CRITICAL,0.19428501389876118,1.4017870986758256,0.2750035734200821,1.613382475714342,0.39383409311828216,0.6690843153781262,12.137814262988053
2026-01-01 02:30:31,10.012824058532717,battery,12.058378166598011,voltage,1.6509405254119698,CRITICAL,0.05086852231357777,1.6509405254119698,0.3771611241328125,1.2018374439485058,0.3262845753200744,1.5993620549912688,12.058378166598011
2026-01-01 02:30:32,12.473227500915527,battery,12.06860314991826,rpm,1.3308311255223473,CRITICAL,0.5374917132959006,0.5379439766184042,0.6959628937292063,1.1884084427895505,0.15852608684070066,1.3308311255223473,12.06860314991826
2026-01-01 02:30:33,13.660115242004396,battery,12.124838015162721,voltage,1.6877793214048291,CRITICAL,0.5556415570599387,1.6877793214048291,0.7568649020011903,1.5234090005526162,0.10630502487231917,1.5643402217030973,12.124838015162721
2026-01-01 02:30:34,12.447982788085938,battery,12.231922161905912,pressure,0.8804277678063744,CRITICAL,0.20880062939215527,0.2988599319041063,0.46651723823645264,0.8804277678063744,0.7292018995005997,0.39154068177472695,12.231922161905912
2026-01-01 02:30:35,11.926457405090332,battery,12.23426911366452,pressure,2.2033683939431286,CRITICAL,0.49505359384029396,0.016182782054458215,1.8780950012823368,2.2033683939431286,0.11668205448546722,0.8663146119027921,12.23426911366452
2026-01-01 02:30:36,12.3379487991333,battery,12.219968811342383,current,1.0727738652467316,CRITICAL,0.26280996789872757,0.6103931379816713,1.0727738652467316,0.4210550967558034,0.7462539961303283,0.9965127406320256,12.219968811342383
2026-01-01 02:30:37,12.678207397460938,battery,12.389654489790923,current,1.8760212838844754,CRITICAL,1.1349435799241598,0.07714739776966856,1.8760212838844754,1.0777025777842142,0.0041352266324097536,0.21829543446504854,12.389654489790923
2026-01-01 02:30:38,12.7498140335083,battery,12.26932039702534,current,1.86303421163111,CRITICAL,0.7639013485815934,0.08057930070172308,1.86303421163111,0.9878723983351619,0.36638609092364827,0.268365961388202,12.26932039702534
2026-01-01 02:30:39,12.81406593322754,battery,12.518852240356692,current,0.8364248227749608,CRITICAL,0.2554201125806522,0.6471538219851175,0.8364248227749608,0.3675462811891726,0.39127749435426196,0.4596510340318554,12.518852240356692
2026-01-01 02:30:40,12.14829921722412,battery,12.40742411501197,voltage,0.7394834381628173,CRITICAL,0.4095292267880097,0.7394834381628173,0.4319802879276348,0.5038161412078956,0.15507660185634692,0.49771314886103835,12.40742411501197
2026-01-01 02:30:41,14.035319328308104,battery,12.512046467955468,current,1.2263533536380933,CRITICAL,0.4679652264078403,1.0770828998086401,1.2263533536380933,1.1311572478115335,0.10291298765099309,0.9111252053042357,12.512046467955468
2026-01-01 02:30:42,14.626100540161133,battery,12.597682842647597,voltage,0.6910421605407338,CRITICAL,0.5452718137856328,0.6910421605407338,0.05962580521854358,0.4577230557664555,0.2698282096579479,0.11096853164664916,12.597682842647597
2026-01-01 02:30:43,14.924888610839844,battery,12.735668270412429,current,0.9415294832031442,CRITICAL,0.9169256377472738,0.2086683484272455,0.9415294832031442,0.22533519154730944,0.71964587329189,0.892623937899216,12.735668270412429
2026-01-01 02:30:44,12.64902400970459,battery,12.572716696758475,current,1.6298254659811384,CRITICAL,0.093635910530733,0.07251978716704474,1.6298254659811384,1.3756466575727648,0.45495740949271185,0.35815650829815265,12.572716696758475
2026-01-01 02:30:45,14.241043090820312,battery,12.765741274728468,rpm,2.169177730864491,CRITICAL,0.6793846076232819,0.29725781244775357,1.8448989823181026,0.27496956757075036,0.27056463601076913,2.169177730864491,12.765741274728468
2026-01-01 02:30:46,13.21329116821289,battery,12.74969430274525,pressure,1.4425090542396939,CRITICAL,1.147213083321127,0.15041252179689027,0.3761316293704699,1.4425090542396939,0.04648098322976801,0.5589227769657387,12.74969430274525
2026-01-01 02:30:47,13.71396255493164,battery,12.761475886990274,current,0.9953993051836459,CRITICAL,0.2712426307876529,0.5309586197938657,0.9953993051836459,0.015545914793008965,0.4319074673433325,0.5536471800024266,12.761475886990274
2026-01-01 02:30:48,12.384716033935549,battery,12.676108546452447,pressure,1.1958589027670945,CRITICAL,0.1902692237691135,1.0239875176543387,0.6124567804955544,1.1958589027670945,0.8783316973352291,0.8666796577518607,12.676108546452447
2026-01-01 02:30:49,13.730083465576172,battery,12.911289671912785,current,2.936091988581655,CRITICAL,0.9148282701860011,0.2396904777397544,2.936091988581655,1.2216160173185082,0.29642958436403544,0.19619071054598333,12.911289671912785
2026-01-01 02:30:50,15.90872573852539,battery,12.929580271800827,current,0.9109533568143907,CRITICAL,0.6085108586690718,0.7409092440823167,0.9109533568143907,0.03764232878641778,0.8420369588719754,0.08681984120977786,12.929580271800827
2026-01-01 02:30:51,14.632208824157717,battery,12.95088876191784,current,1.4372333481122066,CRITICAL,0.4070765645868032,0.2626590153356877,1.4372333481122066,0.3065435638556998,0.26857802414292187,1.3167958322398687,12.95088876191784
2026-01-01 02:30:52,15.437686920166016,battery,13.017807743177011,vibration,2.3662891514684214,CRITICAL,0.2960900535895013,0.21664763977377827,2.0510279839471552,1.1829685807265677,2.3662891514684214,0.9988201169594044,13.017807743177011
2026-01-01 02:30:53,14.686732292175291,battery,13.124770958195713,current,1.1216535842087711,CRITICAL,0.12823275970818732,0.1830944663038946,1.1216535842087711,0.6813328492482973,0.760175017630803,0.07051148456791473,13.124770958195713
2026-01-01 02:30:54,14.25678825378418,battery,13.01604312595639,pressure,1.2060141439582555,CRITICAL,0.7941048139672732,0.0935529628493887,0.3153850962629005,1.2060141439582555,0.5514920244495345,0.5188325975948702,13.01604312595639
2026-01-01 02:30:55,12.977149963378906,battery,13.196776961371267,pressure,1.75907781663747,CRITICAL,0.09326758484410401,1.2255458944936444,0.5047950841390505,1.75907781663747,1.090864131985647,0.8235397211831407,13.196776961371267
2026-01-01 02:30:56,15.30614185333252,battery,13.179007139090691,current,0.9052780461758225,CRITICAL,0.24681435661533535,0.49304597997114125,0.9052780461758225,0.6483209229849504,0.35662366451918753,0.6471619262063458,13.179007139090691
2026-01-01 02:30:57,14.805915832519531,battery,13.272668851652396,current,1.5672921139058769,CRITICAL,0.2982033551006908,0.08171486678885749,1.5672921139058769,0.9909150387358082,0.8090043308176424,0.8046897587163445,13.272668851652396
2026-01-01 02:30:58,13.15426254272461,battery,13.34589139578144,current,1.6080380861443515,CRITICAL,0.5964634859602735,1.423868517132915,1.6080380861443515,1.3607919157663582,0.5832848772232799,0.3446458306746609,13.34589139578144
2026-01-01 02:30:59,16.518470764160156,battery,13.27806765580996,temperature,1.145081000287773,CRITICAL,1.145081000287773,0.5870117962351106,0.3985269856472456,0.042510320829796555,0.8999929242749436,0.9842425444032,13.27806765580996
2026-01-01 02:31:00,14.538714408874512,battery,13.378652468450346,current,1.7638357349664313,CRITICAL,0.3251725194608875,0.09140086566950381,1.7638357349664313,1.3434030418111442,0.049805590759790276,1.4624210892283884,13.378652468450346
2026-01-01 02:31:01,16.55559730529785,battery,13.59397757215555,rpm,1.4132187249598505,CRITICAL,0.4233240276536661,0.838958203994257,0.6333063095090422,0.6859278683538368,0.29891382623879076,1.4132187249598505,13.59397757215555
2026-01-01 02:31:02,16.151418685913086,battery,13.468989845684877,current,0.8611089334027815,CRITICAL,0.6686710289651646,0.14078239913314133,0.8611089334027815,0.10341309374433345,0.44765527079481815,0.11732845306450049,13.468989845684877
2026-01-01 02:31:03,16.260988235473633,battery,13.579208318302598,rpm,2.0354824140474888,CRITICAL,0.10842529977705755,0.7328186129217831,0.9367640820093207,0.9393907176616373,0.5894883080513227,2.0354824140474888,13.579208318302598
2026-01-01 02:31:04,14.251477241516112,battery,13.69197478890502,current,2.1563991451075077,CRITICAL,0.7175738226301558,0.5117287128194714,2.1563991451075077,1.2397532827921494,0.7939692806389675,0.8350228602829071,13.69197478890502
2026-01-01 02:31:05,16.107271194458008,battery,13.562618799652466,current,1.3103736549436693,CRITICAL,0.18111885462895838,0.10569289143073188,1.3103736549436693,0.5972911138979176,0.7306256689913097,0.5235259030959746,13.562618799652466
2026-01-01 02:31:06,17.565963745117188,battery,13.727739754763546,current,2.076711683370616,CRITICAL,0.16170013552130436,0.8482459275639145,2.076711683370616,0.5005028763639997,1.043479482448841,0.6839108734058059,13.727739754763546
2026-01-01 02:31:07,16.335315704345703,battery,13.703283263300344,current,1.4685922202600006,CRITICAL,0.8128886850895427,0.36144265175952817,1.4685922202600006,0.2395581498039303,1.3205750046188751,0.5450582681839548,13.703283263300344
2026-01-01 02:31:08,16.876903533935547,battery,13.704264225293354,temperature,1.423895478898356,CRITICAL,1.423895478898356,0.09304222190920208,0.41733983205995534,0.379644875735256,0.1569500722967279,0.31633630942376506,13.704264225293354
2026-01-01 02:31:09,15.15684986114502,battery,13.830875418384432,pressure,1.076008793356878,CRITICAL,0.9246545731911173,0.4318139996093509,0.19686340363075466,1.076008793356878,0.24396396702000064,0.25613377258002934,13.830875418384432
2026-01-01 02:31:10,17.934518814086914,battery,13.843163594250935,vibration,1.162597683179709,CRITICAL,1.0611935923614013,1.00577877233458,0.9044779393624841,0.670019634040794,1.162597683179709,0.840811717094774,13.843163594250935
2026-01-01 02:31:11,16.000751495361328,battery,13.953876883971585,pressure,1.5865823737111053,CRITICAL,0.11602273621853731,0.02671689373727009,1.4497273916591107,1.5865823737111053,0.8533172840314308,0.8395345601009371,13.953876883971585
2026-01-01 02:31:12,16.705549240112305,battery,13.877034566222408,vibration,0.9036007788448254,CRITICAL,0.5876146974094065,0.2998327070174567,0.05698076654465375,0.37985160190587625,0.9036007788448254,0.004438800340291906,13.877034566222408
2026-01-01 02:31:13,17.5987606048584,battery,14.012163749773496,current,1.455645698760855,CRITICAL,1.4527252662906358,0.5205594443231594,1.455645698760855,0.6830064412765119,0.7790713568552444,0.02476064593684128,14.012163749773496
2026-01-01 02:31:14,18.777307510375977,battery,14.008880733972816,current,1.8389234467569977,CRITICAL,1.8304858463933982,1.0943523760741247,1.8389234467569977,0.911073793523947,1.714144090360398,0.004525956378130358,14.008880733972816
2026-01-01 02:31:15,16.58072853088379,battery,13.988428280859422,temperature,1.4992350244660821,CRITICAL,1.4992350244660821,0.2661020940188733,0.5596548775583965,1.1871907293599953,0.27031390965793545,0.2517187612726786,13.988428280859422
2026-01-01 02:31:16,15.945542335510254,battery,14.266548454379652,pressure,1.0206245265522165,CRITICAL,0.2673758946464595,0.5978859114069708,0.7243953628163093,1.0206245265522165,0.06202080076967459,0.9375243111974878,14.266548454379652
2026-01-01 02:31:17,17.25466537475586,battery,14.232400096518678,vibration,1.8152569825590228,CRITICAL,0.2662766364105875,0.5249783613603806,1.4201430646436517,0.6572991296280056,1.8152569825590228,1.1390904156803963,14.232400096518678
2026-01-01 02:31:18,17.013072967529297,battery,14.243395100610533,pressure,1.4098754820191612,CRITICAL,0.20183320488850015,0.5396396959827457,0.9701440418500182,1.4098754820191612,0.24234488592462988,0.21448097073005765,14.243395100610533
2026-01-01 02:31:19,18.133094787597656,battery,14.26902675588796,voltage,1.1264176300161957,CRITICAL,0.603226460201657,1.1264176300161957,0.7299145139360164,1.0001558264264674,0.1553777269469713,1.064030488341229,14.26902675588796
2026-01-01 02:31:20,19.150331497192383,battery,14.281722351223642,vibration,2.495795717929942,CRITICAL,0.44117095353188773,0.5477537929941104,0.8943816279738608,0.7997520182628238,2.495795717929942,0.633047078992989,14.281722351223642
2026-01-01 02:31:21,18.22294235229492,battery,14.28629557009121,vibration,1.997849040550676,CRITICAL,1.5756163606000264,0.5763389535076627,0.7145463024599559,1.7732112576662593,1.997849040550676,0.4285921426929752,14.28629557009121
2026-01-01 02:31:22,17.178953170776367,battery,14.468408206306187,rpm,1.5518950713338546,CRITICAL,0.4301148536700655,0.04536650066552892,1.3853233186224374,1.470073803564899,0.8547552229675782,1.5518950713338546,14.468408206306187
2026-01-01 02:31:23,17.556297302246094,battery,14.477242653986131,pressure,1.2275136847851496,CRITICAL,0.7283755520640947,0.33433506921155054,0.6638599419864603,1.2275136847851496,0.04512092400851073,0.5482481989258318,14.477242653986131
2026-01-01 02:31:24,19.589017868041992,battery,14.432242438538298,temperature,1.4412300131456328,CRITICAL,1.4412300131456328,0.780150138017901,1.016653051741719,0.1619763832868063,0.6313262837888592,0.24249177762494098,14.432242438538298
2026-01-01 02:31:25,16.896961212158203,battery,14.532721529244702,current,1.3559539247236916,CRITICAL,0.2743503608833518,0.4852819366545367,1.3559539247236916,1.33759076338507,0.7900516708954942,0.8696781079524061,14.532721529244702
2026-01-01 02:31:26,18.700977325439453,battery,14.719833354306783,temperature,1.8874010150940987,CRITICAL,1.8874010150940987,0.17603869024992722,1.196465961972897,0.8554837140517128,0.48589121057297385,0.4772006885601615,14.719833354306783
2026-01-01 02:31:27,18.482152938842773,battery,14.771914574495193,temperature,1.864432060921337,CRITICAL,1.864432060921337,0.02231670123810797,1.091305452229379,1.4720721336382403,1.2723554898136564,0.17623775294058236,14.771914574495193
2026-01-01 02:31:28,19.65207862854004,battery,14.728928013473112,current,2.0288926775497655,CRITICAL,0.4711593647009281,1.4561512572887962,2.0288926775497655,1.3088645029684294,0.10341365282768879,0.48498977598463955,14.728928013473112
2026-01-01 02:31:29,20.41343116760254,battery,14.703428740389025,voltage,1.9367928402083867,CRITICAL,0.1826341678720488,1.9367928402083867,1.4629649167868084,1.7255416804303816,0.8892897747921574,0.7784599445037657,14.703428740389025
2026-01-01 02:31:30,21.26788902282715,battery,14.751087678704275,vibration,1.75880067401547,CRITICAL,1.0281179301613557,1.2660359645373942,0.9717336274257417,0.4090263639350868,1.75880067401547,0.46370766458265095,14.751087678704275
2026-01-01 02:31:31,19.56113624572754,battery,14.895939021176895,current,1.956965942740547,CRITICAL,0.3453240288405516,0.615570277427135,1.956965942740547,1.6568767645950715,1.2933884135163054,0.5345805228641469,14.895939021176895
2026-01-01 02:31:32,19.095577239990234,battery,14.8348358599868,current,1.445120557445056,CRITICAL,0.1821771171961221,0.10311962446292415,1.445120557445056,0.26464927908897,0.6435243455956923,0.27589572707248394,14.8348358599868
2026-01-01 02:31:33,22.49122810363769,battery,14.90962526778524,voltage,1.8931223526146863,CRITICAL,1.4295099334283234,1.8931223526146863,0.6520357137378232,0.5405174186600938,1.0217619902253783,0.015179607832246611,14.90962526778524
2026-01-01 02:31:34,18.426300048828125,battery,15.048040090343507,current,1.7960527744360177,CRITICAL,1.3923139644976321,0.7911423458114003,1.7960527744360177,0.8814302711368432,1.0868717624200377,0.4483331923811155,15.048040090343507
2026-01-01 02:31:35,20.175609588623047,battery,15.0612794753753,current,1.274119415464172,CRITICAL,0.6987722081035461,0.18323476172472447,1.274119415464172,0.24912208925826235,0.7572617270214949,0.5554200531674431,15.0612794753753
2026-01-01 02:31:36,20.41730117797852,battery,15.200378617431806,current,1.5856693155307953,CRITICAL,0.23029738318494045,0.6261783897466173,1.5856693155307953,1.0998057275269608,0.6759957145479122,1.1991847356407823,15.200378617431806
2026-01-01 02:31:37,21.753398895263672,battery,15.194717320432662,vibration,1.578571965881463,CRITICAL,0.20291009255350664,0.9109012864593323,1.083634735118238,0.5412572206766686,1.578571965881463,0.4828670901169662,15.194717320432662
2026-01-01 02:31:38,18.886802673339844,battery,15.288917518894127,current,1.5681720070335707,CRITICAL,0.6832259702972167,0.03517019908228924,1.5681720070335707,1.5404110669829758,0.20108809815753398,0.46125161830171924,15.288917518894127
2026-01-01 02:31:39,21.31781578063965,battery,15.312021998749477,current,1.1673229028749104,CRITICAL,0.2886037851869858,0.2538050168178803,1.1673229028749104,0.08693849527887298,0.9713186003025639,0.15908458924905497,15.312021998749477
2026-01-01 02:31:40,19.304311752319336,battery,15.135672904826619,current,1.4965012417786951,CRITICAL,0.3985658361676621,0.24336482390929998,1.4965012417786951,0.7282170191422331,0.6669061182794563,0.6703047185244343,15.135672904826619
2026-01-01 02:32:56,0.8884517550468445,pressure,3.095510498090842,temperature,1.7723750123776965,HIGH,1.7723750123776965,0.09312225222184933,0.38635696702108724,3.095510498090842,1.3447722808021783,1.0936253276332084,1.4306778358829293
2026-01-01 02:36:25,0.9380388855934144,voltage,2.943365927765355,battery,1.6324834565377868,MEDIUM,0.9328105758383629,2.943365927765355,0.20772303368753126,0.8996954235564758,0.9622467249183151,1.1711963789230042,1.6324834565377868
2026-01-01 02:37:00,0.9013219475746156,rpm,2.6389156553672937,pressure,2.4541423481785833,MEDIUM,0.6936650484153773,1.8520907963195457,0.6690414623688832,2.4541423481785833,0.03180812225363243,2.6389156553672937,1.4317218428833638
2026-01-01 02:37:08,1.0456901788711548,vibration,2.5816783341556198,voltage,2.3654897871544045,MEDIUM,0.8499268888827959,2.3654897871544045,0.5352958321145127,0.755504668195363,2.5816783341556198,1.6972963332267224,1.547079871077732
2026-01-01 02:37:09,1.0133883953094482,voltage,2.189035738342501,rpm,1.8481718256264577,MEDIUM,1.7833847800441618,2.189035738342501,1.2003516207613825,1.1225875751803729,0.8218856169761155,1.8481718256264577,1.575216652649849
2026-01-01 02:38:16,0.8574516177177429,vibration,2.117452660559018,current,2.104652348397253,MEDIUM,0.8378559722306103,0.7726988249312613,2.104652348397253,0.0925291026535113,2.117452660559018,0.5606399217436027,1.6652700632098079
2026-01-01 02:38:37,0.8694332838058472,pressure,2.671947887500295,vibration,1.9097016080403992,MEDIUM,0.6645427606923336,1.6702366807237357,0.4620118381877772,2.671947887500295,1.9097016080403992,1.7127058487112023,1.6138120509973832
2026-01-01 02:39:16,0.9997940063476562,vibration,2.09056591891327,voltage,2.0534212121910245,MEDIUM,1.3405296229938544,2.0534212121910245,1.2757765594793635,1.094923456794767,2.09056591891327,1.8334580854503435,1.5934775589471852
2026-01-01 02:39:22,0.9617575407028198,voltage,2.267903918744456,vibration,1.8116771033648627,MEDIUM,0.031048650457526014,2.267903918744456,0.5819764396601461,0.8708556441924887,1.8116771033648627,1.6373123135374144,1.6748257031942853
2026-01-01 02:39:30,1.025952935218811,current,2.6264852703370543,vibration,1.9636717634958316,MEDIUM,0.7034966156618068,0.9694630006785396,2.6264852703370543,0.054339838842969154,1.9636717634958316,1.2064533800047696,1.5984694996367828
2026-01-01 02:40:04,0.86158686876297,rpm,2.5950279990354934,pressure,1.9159906810561564,MEDIUM,0.08235711938155219,1.0538124216303821,1.7190820519320695,1.9159906810561564,1.1051140481533421,2.5950279990354934,1.7098725894091298
2026-01-01 02:40:47,0.8646019101142883,rpm,2.8697715817069374,voltage,1.8967402132811046,MEDIUM,0.8650418471332335,1.8967402132811046,0.33969999196737005,1.106324550978207,1.5063307469915668,2.8697715817069374,1.3888699176837378
2026-01-01 02:40:58,0.8589347004890442,voltage,2.523738682697738,battery,1.7370573371794635,MEDIUM,0.02787705178317483,2.523738682697738,0.2603047410866082,0.1669492544513955,0.983652169298788,1.638496699651042,1.7370573371794635
2026-01-01 02:41:14,0.8774183392524719,voltage,3.5027714490369077,current,2.4832474401851696,HIGH,0.5282039976931122,3.5027714490369077,2.4832474401851696,0.09423499937070427,0.07975253987062868,1.709021543396817,1.5905293078690241
2026-01-01 02:42:13,0.9185360074043274,rpm,2.015515428560995,temperature,1.8704222261678949,MEDIUM,1.8704222261678949,1.1595286156161695,0.43390143437906237,0.011173111207848587,0.2913582644670877,2.015515428560995,1.8188364866270148
2026-01-01 02:42:39,1.1164677143096924,rpm,3.55175824278666,voltage,1.6502778725699574,HIGH,1.4164189526666173,1.6502778725699574,1.319327533987301,0.463192404526549,0.7154382647192715,3.55175824278666,1.6123023311249247
